,content,label
0,私はフラッシュとリッチー・リッチが好きです。あなたのお気に入りは何ですか？ Netflixのアイデアは、今日20億ビジネスなので、私も考えていたらよかったのに。,1
1,では、子供の頃の親友について教えてください。,1
2,そうです、イタリア語の発音で、グッチは1921年に設立されました。番組で歴史と事実を知って、私は質屋が好きでした。,1
3,携帯電話を毎日使わなければ、清潔な水を寄付してくれます,1
4,はい。 彼らは今ビデオゲームに夢中だよ（本心を言えばやりすぎ）。あなたと話せて 楽しかった！  良い一日を過ごして！,0
5,WiiでSplatをプレーしますか、それとも任天堂でWii Sports？,1
6,私も同感だよ、ひとりずつ体は違うので、私は自分の体をよく理解して、より速く、より強く、進歩できるように努める。,0
7,私が心配しなくてもいいように、子供が心配しなくてもいいように、孫が心配しなくてもいいように、数字のゼロがたくさん入った銀行口座をくれればいいんだ。,0
8,よくわからないが、彼らはどうやってこれを行うのだろう？,0
9,運動靴にティーバッグを入れてみるよ。それが臭いを吸収するかどうか見てくれ...,0
10,いいえ、同感です。ところで、アカデミー賞授賞式は見ますか?24個の賞があって、最初に放送されたのは1930年らしいです。すごいですよね。,1
11,うん、私も大学で仲間を作るために時間を費やしたりしなかった。,0
12,うん、私も。彼らの中には自分の大きさの2倍もある獲物を食べることができるものもいるw,0
13,あなたのはどんな感じですか？,1
14,そうなんだ、切り捨てたと思っていたよ。前にも言ったが、私は彼のことが好きだし、彼は素晴らしくてクールな人だと思う。彼はいつも私にとても親切にしてくれた,0
15,ネイティブアメリカンの本には詳しいですか？,1
16,オンラインショッピングで何かが欠けているような気がしますか？品物を直接見ないこと？品物に触れたり、感じたり、手に取ったりしないことでしょうか？,1
17,面白いです。ボルダーに知人がいるので、聞いてみますよ。話せて楽しかったです。,1
18,確かにそれはある意味奇妙ですね!話せて楽しかったですよ。これから犬を散歩に連れて行かないといけません。,1
19,私は3rd Rockが大好きでした！漫画は好きですか？私はそうでもありませんが、息子たちは好きです。,1
20,ええ、つまり、あなたは私よりも素晴らしい経験をされたようだね。つまり、私がアイルランドを好きな理由は,0
21,映画のチケットの現在の値段について問い合わせしようとしています。,1
22,ええ、高校時代の彼氏がスターウォーズを見ようとしてくれたんだけど、私はあまり興味を持てなかった。そうね、確かにそうかもしれない。もしかしたら......もしなくても,0
23,ただ彼らにやってもらいたいです。分かりますよね。,1
24,ああ、私は知っているよ、数十年前から。たくさんあり、今日、皆はそれがどれほど素晴らしいかわかっていないんだ！,0
25,実はほとんどは耳が聞こえないらしいです。ところで、イーロン・マスクについてどう思いますか?ものすごい話題の転換ですがね,1
26,払わせてと言っても、車から財布を出させてくれない。本当に素晴らしい人だ。彼はキューバ出身だ。,0
27,アメリカが月に旗を立ててから、その旅がどのように変わったかが私には気になるが、おそらくそう素晴らしいものではない。,0
28,興味深いですね。ユニセフには、携帯電話を1分使わなければ清潔な水を寄付するプログラムがあります。,1
29,私の姉妹たちは皆大学に行きました。大学を卒業して、兄は(修士号)を取りました。学校は家族です。学校に行く(べきです)。,1
30,いえ、でもそれはいいですね!もう聞いたか分かりませんが、どのゲームをしますか?あるいはしていましたか?,1
31,こんにちは！あなたの政治的指向を教えてくれないかい？個人的に、私は自分自身を独立者と呼んでいるんだ。しかし、私はどちらかというと無所属という言葉が好きだよ。,0
32,事前に計画できると思うよ。 多分長い週末に。 そうすれば良く理解する時間ができるだろう。,0
33,ええ、通常、私のホームチームがうまくやっている時だ。,0
34,私はその番組は見ません、彼がもっと良い仕事をしていただろうと思いますか？,1
35,ご家族みんなで会える場所に行けるかどうか見てみようと思います。,1
36,はい私も。 私は時々ジャズを聴くのが好きだよ。 ハーレムには、20年間毎週土曜日にアパートでフリージャズコンサートを開催している女性すらいるよ。,0
37,そうですね。携帯電話はよく使いますか?,1
38,彼がそうした時はとてもかっこよかったです!トゥーパックはバレエを踊ったことがあるってどこかで聞きましたが。あなたは何か聞いたことがありますか?,1
39,それで次の日の夜、いわゆる夜のチェックに行った。彼女にも会うことができるように私は妹を連れて行った。彼女は低脂肪とノアを買った。,0
40,やあ、元気か、グーグルはよく使うかい。私はこの会社が大好きで、1998年に設立されたと聞いて驚いたよ。,0
41,あなたがただ、疲れ切っている唯一の理由は、週末と休日などすべてに予定が入っているということです。,1
42,彼らのところで仕事をするとパンダのコスチュームを着なければなりません！,0
43,ホテルに泊まったのかどうか知りませんが、気に入ったスポットやそこでの良い思い出はありますか？,1
44,どういうやり方かというと、彼らがそれをバッグに詰めて引っ張ってきて、製造したことがない新しい製品をそこに持ち込むだけです,1
45,つまり - 間違いなく音楽だと思うよ...しかし、私の好みでないことは同感だ。,0
46,何？ 本当に？ それは馬鹿げている！ しかし、やっぱり私は量子コンピューターの設計に取り組んでいるので、私自身いくつか奇妙なものを見てきたよ。笑笑 物理は一般的に異様だと思わないか？,0
47,それは正直馬鹿げています。NetflixとYouTubeを合わせたら、北米だけでピーク時のインターネットトラフィックの半分を占めています。,1
48,常に自分のゲームを超えている。私は大丈夫,0
49,どうやってあなたが参加したのか分かりませんが、論文を書いて最高のアイディアを考える必要があるでしょうね。でもとても楽しそうです!,1
50,家族から学んだことをいつでも大切にします。,1
51,ご存知のように、これは列が非常に長くなる可能性があるようです。,1
52,お金を手に入れて、お金を稼ぐのを助けてくれて、私にお金をくれました。言っていること、分かりますよね,0
53,あなたの考え方は、仕事がもっと,0
54,特攻隊でも、自分自身が全体的におかしくなっていくのを感じるようになった、といった感じだった。フェニックスでの仕事は,0
55,とにかく、ご自身でデパートに行くのはどうですか？ 私の言っている意味がわかりますよね、地域一帯を対象とするということです。,1
56,多分彼らはそれをsocballくらいに短くすべきだろうね、笑、良くなった気がするよ。,0
57,もっと多くの人をリストアップしたいのか、それとも続けた方がいいのか？続けてみよう。友達がいる。,0
58,でも、あなたの野球に対するお考えを知りたいです。ストライクかストライクではないか、野球場はフェンスで囲まれているので、ヒューマンエラーということもありますからね。,1
59,とにかくそれを処分したいと思うでしょう、そして彼らがそれを引き取るなら、グッドウィルかバッファローエクスチェンジに行き品物を交換してもらうつもりです、そしてそれはすべて交換できるわけではありません,0
60,私は子供を優先していますよ、特に仕事とか他の事柄よりも。だから、私は子供たちのことがまず優先、仕事よりも。だからいつも家族が先です。,1
61,応援して良いことをして何があってもそこにいます、ほら、仕事、学校、宗教、職業、なんでも。家族は一番神聖なものかもしれません,1
62,私が最初に始めたとき、4時に起きるのは大変だったが今では習慣になっているよ。他の方法でそれをする時間がないので、私にとっては最高の選択肢だ。とてもリラックスし心も晴れる。,0
63,彼らは最近多くの競争に直面しています。どんなゲームをしましたか？,1
64,私には、ちょっとクレイジーな誘い方だな、という感じだ。,0
65,ええ、それはとても楽しいだろうね。 猫がこんなに寝るなんて知らなかったよ。 いいに違いないね。,0
66,私のホームフライ。そして、ホームフライの付け合せをく持ってるよ。気にしないで。,0
67,あなたにはできません、ファイルに書かれていることだけでは十分ではない、ということです。つまり、家族が先か、仕事が先か,0
68,私にちなんで名付けられた建物よりも、アマゾンプライムの方がずっと大切だ。,0
69,白雪姫。母は、私が毎日のように見ていたと言っていた。私はとても興奮している。,0
70,こっちに注目して。ずっとパソコンの中の人と話している。私に話して。,0
71,そして、そのような状況になったのだ。南部から来た人、ニューヨークから来た人、とにかく何でもあった。私の世代（の家族）は皆、まだそうではなかった。,0
72,何であれ、私には関係のないことですが、彼らはそれを受け取っている。,0
73,ええ、私は一般的にそこから音楽を入手するが、車やコンピューターの修理などで行き詰まっている場合は、音楽があるといいよ。,0
74,Appleが禁止したのは良いことだと思います。アプリ製作者は大混乱を起こしたかったようですが笑。それでは、お休みなさい。,1
75,それで学校に行かないといけないことは分かっていますが、言っていること分かりますよね。,1
76,そのため、彼女は私を監督していて、私の仕事を誤って修正してくれる。例えば、次のように。ええ、そうだね。,0
77,本当に怖いです。ホラー映画を見ていたら、180カロリー以上は燃焼できます,1
78,彼は並外れた選手だったが、てきぱきと行動する人という印象はない。ニューヨークは彼を免除することができるはずだ,0
79,ある種の法的状況で裁判はどのようになるかが私にはわかります。どれだけ積極的に立ち上がり発言するかにかかっているんです。,1
80,この事実については知りませんでした。今でもそうなのか分かりませんが、ともかくお話しできて楽しかったです,2
81,でも彼と私たちは結局行くことになって、結構すごい体験でしたよ。あなたのみたいにポジティブで素敵だったとは言いませんが。だってそれってなんだか,0
82,うーん、馴染みはあるけど読んだことはないね。それはSF？私は読書が大好きで自分でも、SFを含めいくつか作品を書いてきた。,0
83,義理の妹はハグ好きで、彼女が私をハグしても、私は両手を下げている。嫌というか、つまり、包み込まれるような感じなんだ。,0
84,ええ、それは素晴らしいです。彼は私の意見では本当に素晴らしい俳優です、レヴェナント: 蘇えりし者の映画を見たことがありますか？この映画が1971年の映画のリメイクだとは知りませんでした,1
85,私達は夜のロンドンを歩き回っていたの。私と父は決して眠ることができないので、二人とも,0
86,私はいつもTZが好きです。映画「レヴェナント: 蘇えりし者」を見ましたか？1971年の荒野でのサバイバルの映画でした。レオは素晴らしい演技をしました。,0
87,しかし、家賃は私にとって最大の出費であり、何とかなるようなものではない。わからないが、小売店での出費はどうだろうか。,0
88,それはおかしい。また皆は私に、家族が多くいとこが50人いるとか言う。それは随分な人数だ。,0
89,ええ、実はそうなんだ。実は私はラーメンが好きなのだが、近くにあるラーメン屋さんは,0
90,ちょっと関係があるが、私は自分ではどうしようもない時に決まってグーグルを試してきた。 はは。,0
91,私は、いつも自分らしくあり、いつも自分の本能、自分の導き、自分の理解に従うこと、そしていつも自分の現実に疑問を持つことを教えられたの。それに従い、ルールに従うことを。,0
92,まあ観光客向けではありませんでしたからね!教訓を学んだと思いますが。でもイスタンブールを清潔に保つのを助けていただいてありがとうございます。,2
93,あなたはそれを必要としていません、しかしあなたはいつも買います、そして毎月の請求書を合計すると、それは合計の何パーセントかになりますよね？,1
94,美女と野獣は私の妻のお気に入りだよ。私が好きなのはライオンキングだ。好きなディズニー映画はある？,0
95,そうすべきかもしれません。おじいさんの屋根裏部屋で300万ドルの価値がある古いベースボールカードを見つけた人についてどう思いましたか。,0
96,扉から入ってきた人が、私に見せて、お腹をさするように触って、歌い始めて、人が離れていくの？,0
97,うーん。アニメーションだと思いました。リメイクのことですか？私はそれを見たことはありません。おそらくそれも素晴らしかったのでしょう。,1
98,それが素晴らしいことはわかっている。それは本当に素晴らしいだろうね、私の親戚はそのようなクールなものを集めないので、私は自分でやるよ 笑,0
99,腹が立って、そして落ち込んで、本当に何もできない。,0
100,それだけの収益があればトップ110のブランドにはいっているに違いありません！そう思いませんか？,1
101,実の父方の人々よりもね。なぜなら、その人たちを実際に見て育ってきたからだ。彼らの家に行くと、家族のように接してくれていた。,0
102,笑:)私の犬は、体が暖かくなると、寒いのが大好きなので、実際に自分でベッドから降りる:)良かった！ :),0
103,そうですね。1957年にトルーマンがダンボと一緒に写真を撮るのを拒否した時のことを聞いたことがありますか?,1
104,私は買い物の9割をそこでしていますが、ある種類の紙や特定のレシピのために探してもない商品もある。,1
105,今日はどうでした？,1
106,叔父といとこはどうですか？あなたの両親はそこに兄弟はいますか？その感謝祭の日はどれくらいの規模なのですか？,1
107,古き良き事実のセクション2はそう言っています。犬との会話を電話で聞いたことがありますか?,1
108,これはいいね。そうしたら、母からメッセージが来て、「そうだ、家族ぐるみの付き合いをしているStellaの家に泊まってみない？,0
109,彼はたまたま、借金とは何かを教えてくれた。今、あなたはお金を持ちすぎていて、注意を払っていない。,0
110,いや、私のだと思う。どうぞ。すみません。,1
111,うわー、原稿を書くのに長い時間がかかります。さて、話せて嬉しかったです！,1
112,テレビや映画のせいなのかと思うが、現実が少し違うときの見え方についてはこの発想が浮かぶ。自嘲的見方からすると、低能帽は私によく合っていると思うよ。,0
113,それで私が、ねえ、メニューから何か頼みますか？と言うとメニューを見ていました。それで、結局選ぶのにしばらくかかりました。それで、ビールを頼んで,1
114,はい、そうに違いない。ちなみに靴のコレクションはある？私自身は4足くらいしか持ってない,0
115,トンネルの終わりには光が見えるはずです。週末を楽しんでください!,1
116,単なる言葉遊びみたいで、馬鹿げた感じがします。テディ・ルーズベルトは好きですか?彼は20匹以上のペットを飼っていました。コロラド流に言えばペットの「保護者」でした。,1
117,何てかわいい犬!あなたと犬たちは北方の気候地帯に住んでいるんですか?,1
118,同感です、ではフィクションは好きですか？,1
119,そして、人前で自分のことを話すのは不思議な感じがした、わからないが。,0
120,それではまずこれから尋ねましょう。今まで行った中で好きな場所はどこですか？,1
121,グッチオ・グッチ！何て素晴らしい名前でしょう！私は「グッチ」と呼んでいます。今では、グッチで「祭服」を買うことができます！,1
122,私自身、レンガ造りのオーブンを使ったことはない。,0
123,素晴らしい！今朝は話せて嬉しかったです。今日の残りの時間を楽しんでください。,1
124,ええ！それは1923年に設立され、正に創立100年に近づいている。それは私には本当に信じがたいことに思える,0
125,ああ、それは残念だね、はは。でも恋愛小説とは違って、私はずっとここにはいられないんだ。でも話せて嬉しかったよ。良い1日を過ごしてね。それでは！,0
126,今ではプレーして約10年になりますよ。もう1つ言いたいのは、ゴルフコースは18ホールですが、楽しむためにプレーするとしたら9ホールですね。,1
127,両方のフランチャイズの価値を考えると、とんでもないことです。バットマンといえば、バットマンを演じた俳優の中で誰が好きでしたか?,1
128,いいえ、それではあなたの友人はずっとそこにいるんですね。子供たちはどこにいて、彼女の夫との関係はどうなのですか、仕事の面ではどうなのですか、または夫と家族の関係は前より良くなりましたか。,1
129,本当に楽しかったわ。,0
130,心配ありません、あなたが登録している電話番号を教えてくれますか？,1
131,今まで行った中で一番好きだったドライブは何ですか？,1
132,将来、スマートデバイスを導入したときに、子供たちが「ああ、Amazonでブランクを注文してみたい」と言って、「ねえ、そして・・・」と言われてしまうのではないかと不安はありませんか？,1
133,それは素晴らしいです!最近、飛行機は10%速度を落としているのに気づきましたか?燃料を節約するためですが、目的地に着くのも遅くなりますよね。,1
134,それは知りませんでした。好きなバンドはありますか?前はリンキンパークが好きでした,1
135,私の娘のコメントの一部。彼女へのコメントは私から、彼らが目を丸くしていたのを覚えているというもので、もう話すのはやめる、ママ,0
136,それは興味深いですね。いつも疑問に思っていました。検索にはGoogleを使いますか?それとも別のウェブサイトを使いますか?,1
137,ハロウィンにコスチュームを着ますか？,1
138,わかりました。したがって、最終的な目標は、メンタルヘルスカウンセラーになることなんですね。そして、メンタルヘルスの問題を抱えている成人の治療にあたりたいんですね。そして薬物中毒の患者も、すみません。,1
139,そして、彼はどうやら落ち込んでいたようで、彼の母親が私の母親に「このパーティーに彼を誘ってほしい」と頼んできた。,0
140,私はそれを知らなかった。何人利用しているのだろう。日本と比較すると、米国とカナダのアメコミ市場は10億9000万ドルだ。,0
141,同感ですよ!ほとんど毎日YouTubeを見ています。Googleが2006年にYouTubeを16億5000万ドルで買収したなんて信じられません。遠い昔に感じますよ。,1
142,私のお気に入りはハルクだが、キャプテン・アメリカの映画が本当に好きだったよ。彼はトニー・スタークと出会うので、両方の最高の世界だ。,0
143,口にいれてはいけません。それを口に入れないでください。それを口に入れないでください！,1
144,ああ、いえ、私は詩を理解することができませんでした。あなたと話せて良かったです。良い一日を過ごしてください！,1
145,そのようですね。あるいは、もっと速い速度で回転する可能性もあります。地球に宇宙人が来たり、人類に連絡があった場合のための大使がいます。,1
146,私の休暇は、どちらかというと滞在型のものだったわ。それで、私の出身地のワシントンDCに行ったの,0
147,彼はあなたの家族を選べますが、私が言っているように、あなたは友達を選ぶことができます。これは前からずっと面白いダイナミクスで、私は簡単に触れることもしませんでしたが,1
148,店の立場からすると、まだ化粧品で大金を稼ぐ必要があると思います。,1
149,はい、実はそれを作ったことがある。母は私が子供の頃それを電子レンジで作っていた。母はご飯も電子レンジで作る。,0
150,強盗犯はすごく足が速い場合がありますので、靴の紐を縛る時には「油断しない」ことです。,1
151,それは黒人にとってクレイジーなことだったと父は言っていた。父が生まれた年にマーティン・ルーサー・キングが暗殺されたので、父はいつもその話をしてくれた。,0
152,チッ！彼が気の滅入るようなものをたくさん書いたのも不思議ではないよ。あなたと話せて嬉しかったよ。私に代わってあなたの犬を抱きしめて、私も子供のために犬を飼うことを考えてみるよ。気をつけてね！,0
153,ああそう、それは良かったと思います。歴史に興味がありますか？リンカーンについて書かれた本を読みました。彼の声は高かったと思います。,1
154,支払い額よりも数百ドル高く売れることもあり、ある種の人々は転売を目的として特にサンプル販売のものをあえて購入します、,1
155,そうですね。ポロシャツは最初有名なテニス選手が発明したものだって知っていましたか?,1
156,はい、お誕生日おめでとうございます。 あなた自身がスーパーヒーローですね！ 笑。世界は広いから、いつでもスーパーヒーローは誕生します。,1
157,連れて行きましたかね？それともイーサンを連れて行きましたかね？なんといいますか食べ物を、自分でよそって量る感じです,1
158,まあ、それはだそうなんけど、何というか、一般的に良い場所で私が嫌な場所のこと。知らない人のアパートをビキニで掃除するのが嫌ではないということではないけど,0
159,私はしていないよ、それは私のやることリストにあるけどね 笑 私も動物ショーが大好きだよ。,0
160,そのベッドはとても寝心地が悪く、古いベッドなので新しいものはなく、背中が痛くなってしまった、私はとても若いため,0
161,だから私には間違ったことをするような気がします。そして、あなたのような非常に大きな家族を持つかもしれません。,1
162,確かにそれは本当に高価です、レゴバットマンの映画を見ましたか？,1
163,と言って、私を追い出そうとすることがある。次の日にチェックインして、あなたは法廷で,0
164,私の友達や私の人生に関わる人たちがいて、赤ちゃんの一生にわたって彼らがまめに顔を出してくれれば、いつでも必要なときに彼らに会うことができると思ったわ。,0
165,どこかに吊るして乾かして。私に何を求めているの？,0
166,それ以外の方法はどれも最悪の方法だと私は思います。もし誰かが、ねえ、あなたの家族が今日ちょっとした危機に面していますと言ったら、分かりました、心配しないでください、何でもないことで、誰にでもあることですからと,1
167,お気に入りのものはありませんが、いくつか好きなものはあります。あなた自身はどうですか？,1
168,ご存知のように、落ち込んでいる彼らはあなたの友人ではありません、彼らはそうではありません、歩き回っているのは友人ではなく、あなたが治療しなければならない人のようです,1
169,任天堂はマリナーズを所有しているので、食べ物を注文して席にもって来させる3DSアプリもあります。素晴らしいでしょう！,1
170,それは本当に大きいように思えて、最初は小さなことに見えるかもしれませんが、本当にとても大きいことです、彼らがあなたにしてくれていることは。,1
171,最初の頃の私たちのように、彼らは観客と話をしていて、「わあ、君たちは本当に僕の親友なんですね」とか、「新しいバンドでは、一緒に行きましょう」とか言っているんだ。,0
172,彼らがあなたの人生のその部分に参加してくれるかどうかですね。,1
173,それは、それほど大きくなかった。 私はそれを学校にいつも持って行ったので、私の両親は私にそれをやめさせたんだ。 アルビノのボールパイソンだったよ。 ポケットにも入れることができた。笑,0
174,同感です！ゴールデンステート・ウォリアーズについてどう思いますか？,1
175,そして、彼らは私にダウンロードを勧め、私は「ああ、持っている」と思った。そして、「でも、私の携帯電話にも入っているだろうか？」と,0
176,それは知りませんでした。本当に興味深いです。さて、話せて楽しかったです。,1
177,そして、良いアイデアをくれるので、amazonのリストに保存して最終的に購入するか、または、更に詳細を教えてくれるので、,0
178,私は皆好きだったが、2話が私のお気に入りだったと思うよ。 1と2は私にとって最高だった。その後、だんだん面白くなくなったね。,0
179,言っていること分かりますよね、やらないといけません,1
180,私がウェンディーズを去った日に自分がショックを受けたのはわかっているよ、私の電話は私の訪問がどうだったか私に尋ねたんだ！ 娘は大笑いしたよ。,0
181,それは怖いでしょう。日本では100歳になると、首相から祝の銀杯が贈られます。,1
182,本当にそのようなこと 。私は家族からそれを学んだ。それは、私の家族がいかに本物のタフさ、本物の規律をもち、本物の軍国主義者なのかを。,0
183,まあ、それはあなたの血の中にあると思います。,1
184,私もダメ。 私はプロのダンサーにはなれなかった。,0
185,私はそこに行ったことがある、私の意見では良いところではないね、どこにでも馬を連れて行かなければならないし、そして私は馬アレルギーなのでひどいものだったよ（笑）,0
186,私も以前読んだことがあると思いますが、あなたのマネージャーが打席に立つのを見たら、とてもワイルドだと思います。,1
187,会話の内容ではなくて、「これは私にとって大切なこと」「私はこれをやっているけど、私の文化がなければこれをやっていなかったな」と考えたことはある？,0
188,私もそう、私の幼子はそれに夢中だが、それは良くないと思う。ジャスティンビーバーの赤ちゃんの歌は、YouTubeで最も嫌われている動画なの？どれほどひどいのだろう？若い人たちはビーバーが大好きだと思っていた,0
189,"ねえ、あなたは決して年を取りすぎてなんかいないよ。私自身孫がいるんだ！笑 私は孫と一緒にビッグ・ヒーロー・シックスを見たよ、素敵な可愛いアニメ映画だね。 55,000コアのスパコンでレンダリングされた素晴らしいグラフィックだった。",0
190,私が理想的な職業に就くことができれば、給与について思い煩う必要はありませんでした。あなたの理想的な職業は何ですか？,1
191,そうですよ。帽子を上げるのは、騎士が面頬を上げるのが起源です。,1
192,なんてことでしょう、彼がそんなことを言うなんて信じられない。だからこそ、彼はそれを言ったのだ,0
193,毎日洗うのは、私にとっては負担ではない。シャワーを浴びたい気分だ。髪を洗わないようにするよりも、髪を洗う方が楽な場合もあるんだよ。,0
194,それで、あなたの法務経験はどのようなものですか、法務経験が豊富なようですが,1
195,それで、あなたのチームはどうですか、あなたは同僚とかなり良い関係を保っていると言いました。,1
196,本当におもしろいです。それで、坐骨神経切除で、運動機能をいろいろ失いましたか？,1
197,家族を愛するとか、お母さんを愛する、お父さんを愛するみたいな家族観を持つことだと思います。分かりますよね。,1
198,つまり......わからない。私にとってはどうでもよかったのだ。私の友人の何人かは結婚しているし、今でも何人かは結婚したくてたまらないようだが、私にはとてもできない。わからない。,0
199,個人的にはテニスのほうが好きですが、ラクロスも好きですよ。春の全市選抜男子ラクロスチームについて聞いたことがありますか?,1
200,さらに多くのことをするが、必要なだけ家族に会っているわけではない。もっと時間があって他のこともできたらいいなと思う。,0
201,今やり終えた。わからないが。えーと、私の統計データを見てみよう。しかしいずれにしても、先生が変わってもそれぞれの子供は進歩しているので、良いことだ。,0
202,はい、私もそうではないよ。そのようなお金を稼ぐのはいいことだろう。,0
203,は確かにそうだ。私の子供たちは妻からもらっている。,0
204,彼の妹は私の父の、彼の母は私の父の妹で、私は彼女が怒りの問題を抱えていることに気づいた、彼らは彼らに会いに行く人のことを気の毒に思っていると感じた。,0
205,全く同感だわ。私はその経験を、今回の病院の夜勤の看護師さんとの経験と対比させてみたが？私の代名詞を訂正しようとした夜勤の看護師さん？,0
206,あなたが起きている時に、自分がどれほど夫の負担になるかについて考えているっていうのが私にとってはどうしても変に思えます、分かりますか？,1
207,それは全然発音しやすくありません 笑 ばからしい、速く言うこともできません。,1
208,このようなことを友人に話すことは、あなたがしたくないことなのかどうかわかりません,1
209,ビートルズで誰が好きですか?私は、何か間抜けた感じがするリンゴスターが好きです。,1
210,白雪姫。母は、私が毎日のように見ていたと言っていたわ。私はとても興奮しているの。,0
211,お互いに敬意を示すべきだと思います。優れた相手のいるラップ対決も敬意に値します。,1
212,友達が、女子ワールドカップはワールドシリーズよりもテレビの視聴率が高いと言っていたので、わからないよ。,0
213,しかし、それが私のニュースですが、それを眺めていても、私はそれを視聴することはできない、私は本当にニュース番組は見ないが、ブルームバーグ、私はブルームバーグTVは見る。,0
214,次のようなことをいろいろ言っています。これらはオプションですとか、カトリックではこれは罪だと言っています、とか。しかしこれらはあなたの選択肢です。,1
215,そんなこと考えたこともなかったです。オールドフェイスフルで服を洗濯することを想像できますか？,1
216,それは新しい学校生活の雰囲気を醸し出してくれるような気がする。新しい服、準備完了、私の人生、でも新しい携帯ケースも手に入れた。,0
217,では、あなたの理想の彼氏とは？,0
218,私は何よりも家族を優先してきた。家族は私の全てで、私の背骨のようなものだ。家族というかたちを持つことは大きな助けになる,0
219,そのクラスのために髪を伸ばしたら、単位が余計に取れるのでしょうか？笑 私は大学で神話学と幻想の授業を受けていました。なかなか良かったです。,1
220,多分、歌手はエアロスミスのリードギタリスト、ジョー・ペリーでした。あなたと話せて嬉しいです:),1
221,私も同感です。テレビゲームの「リトルビッグプラネット」や「ハリー・ポッター」をしたことはありますか？この2つのゲームのナレーションは同じ人が担当したそうで、スティーブン・フライという人です。,1
222,それでもヒューマンエラーに頼りたいですか、それともテクノロジーがそこまで正確になり、ミリ単位でゲームをしますか。,1
223,こんにちは、それは良いね、所によってはパーティーフードとしてスパゲッティとミートボールが作られるね、それは私には奇妙に思えるよ,0
224,私も同感です！特に興行収入が今のままでは。映画「トロイの木馬戦争」のために働くのは嫌ですね。1500万ドルの予算で309ドルしか稼げなかったんですから！,1
225,自分が年を取ったときに起こりうることだが、他の人、例えば若い人が自分に依存しているときにも起こりうることだ。,0
226,私は妻の両親とあまり仲が良くありませんが、他の祖父母の場合、子供たちが年上の世代から何かを学んで、受け継いで広められるようにするために一緒にいさせていますよね。,1
227,学校に行かないといけないと言って出て行った後、,0
228,同じことを考えていたが、衣装について聞かれると、彼のことが頭に浮かんだ。私はスパイダーマンも大好きだ。,0
229,コロラド州のボルダーでは、ペットを所有できませんが保護者にはなれます。,1
230,確かに長い間待って、何も起きないという繰り返しですね。馬には乗ったことがありますか?,1
231,少なくとも私は、おそらく善かれと思ってしている。ほとんどの親が最終的には彼らのために最善を尽くしたいと思っているように感じるし、たとえそれが常に最善の方法に見えなくても。,0
232,コンピューターとメモリースティックに心をアップロードできるというアイディアが好きですね。死んだ後でも一種の遺産のようなものが残ることになるからです。,1
233,彼らはみんながあのビルに移動するのを待っているんだと思う。,0
234,共和党はアメリカで本当に人気があるという考えに同意しますか?,1
235,ええ、それはたくさん見てきた。,0
236,去年の夏に行ったとき、家族に言った。いつも車であちこち連れて行ってくれるのはありがたいけど、自分でなんとかすることを考えないといけないよね。,0
237,それを自分の中で見つけて、私には価値があり、十分であること、自身が好きで大丈夫であることを知ること。そして、大丈夫でなくてもパートナーの経験の中で私が喜びとなっていることを知ることだ。,0
238,そうしたでしょうね。ホビットも好きですよ。ほとんどの登場人物の名前は、Dvergatalって言うアイスランドの古い詩から取られています。,1
239,もしかしたら何かを食べに、マクドナルドに車で出発したのかと思いました…笑,1
240,バージニア大学での友人だが、実は彼はベゾスの娘の友人だ。彼らがつるんでいるようなところがある。いいえ、彼らはかなり親しい友人だ,0
241,私もそうではないよ。オリンピックやワールドカップの主催国には経済的利益がないことに驚いているよ。イベントのインフラに多額の費用をかけているからだろうか？,0
242,電子機器はどうですか？電子機器を購入する必要があると思いますか？最近、電子機器を購入しましたか？,1
243,そして、それは興味深い俳優たちですが、もちろん、私のずっと好きな俳優は、私が本当に気になる有名人の俳優のような唯一の俳優は、ジョニー・デップだ。,0
244,育っていく中で、分かりますかね、手本になる人物がたくさんいて、何をすべきかを示してくれる人がたくさんいて、学校に行きなさいと言っています,1
245,フロリダはホッケーに適した場所ではありませんが、ワシントンDCも同じです。,1
246,うわー、私は彼は非常識だと言いたいが、彼は私よりも適格であるようだ。しかし私はまだ懐疑的だ。あなたは洋服に興味がある？,0
247,そして、私は執筆した。ジャーナルクラスやポージングのクラスを担当した。私は「ドクター・ホーランド」を書くことができなかった。でも、銀賞を受賞したおかげで、今でもフィクションを書ける。,0
248,彼女はリビングルームにいて、私はキッチンにいる。私は音を聞くことができ、それに集中することができるが、彼女は私が彼女に集中していることがわかるように、私の体を動かしてほしいと思っている。,0
249,はは、ええ、私はそれが好きなんだ、私にとってもうひとつ面白いのは、アジアの野生のトラよりもアメリカでペットとして飼われているトラの数の方が多いということだ,0
250,私にとってはベストなタイミングではなかったので、4年生のほとんどを,0
251,さて、消費者として、あなたは誰がそれを作っているのか、誰がそれでお金を稼いでいるのか、誰の雇用に役立つのかは気にしません、あなたはただ最安値でそれを手に入れたいだけです。,1
252,私たちは、ここがそれほど気に入っていない。母は、今時の母親たちのようにスポーツ好きではない。,0
253,電話番号を教えてくれますか？,1
254,はい。それで、あなたの好きなクイズ番組は何ですか？,1
255,何が起こっているのか、私のネットワーク上で何か変なことが起こっているのか......今、私の声が聞こえる？,0
256,もちろん、郵便番号と通りの名前も教えてくれますか？,1
257,それは大失敗です。大切なプレゼン中に商品が動かなくなるのは最悪です。Send me to Heavenというゲームをしたことはありますか?,1
258,さて、しかしあなたのキャリアのためには、私はあなたがもっとプロに見える必要があると思います。そもそもそういうことを考えたことはありますか？,1
259,私たちはあらゆる種類のさまざまな買い物について話すことができましたが、トレーダージョーズから始めました。 トレーダージョーズで買い物しますか？,1
260,それは知りませんでした。その映画を見たことはありますか?楽しいですか?,1
261,スマートスピーカーはある？ 私はアレクサを使っている...しかし、アレクサは時々私をぞっとさせる。,0
262,なんと言いますか、何かをやっていて、感情とか色んなことについて話して学校にいる振りをしていて、キャサリンは、どうやって、と言いますか、あなたと彼氏のファーストキスはいつでしたかって感じで、私は,1
263,はい;）私のものも。 そのボーカルは素晴らしかったよ！ ;）...大恥だったよ...,0
264,誰かがノームを盗んだんですか?誰がノームを盗むんですか?友達を探しているTravelocityのノームだったのでしょうか?,1
265,ロックバンドでソニック？彼はそのためのヘアカットをしていると思うね。彼はおそらくホワイトスネイクにも加わることができただろうに。,0
266,DJ Huでも何でも、自分を褒めてあげよう。,0
267,私は自分のメモを持っているが、それは私たちがしなければならないことがまだあることを意味する。,0
268,あなたとしばらく連絡が取れなくなる、というのはあなたとの関係が永遠に終わったということではありません。わかりませんが、どう思いますか？,1
269,でも午後遅くにあんなに時間があるなんて変な感じでした、分かりますよね、そのあとは一日中仕事の日が来ます。,1
270,それは恐ろしいほど長いですね。話せて楽しかったです。良い一日を過ごしてください。,1
271,私にはそんな家族が沢山いますよ、人生について教えてくれて、人生を見せてくれます,1
272,ああ、なんてことだ、それがスピードアップしたとき、私はとても不安になり、まず間違いなく次の数ピースで負けそうになったよ。先日、スパイハンターのことを考えていたんだ。そのゲームをしたことはある？,0
273,蛇が全然いないのでニュージーランドは理想的だと思います,1
274,ともかくそれが盗難を防ぐと考えています。はっきり言えるのは、車のどこにでも火炎放射器を取り付けることができるということです。そうすれば、泥棒がドアに近づいて来ても阻止できます。,1
275,または、モールに行って、心配事を片付けてください。 そして1か月後、クレジットカードの明細書の内容を見ると、前以上に心配を抱えることになります。,1
276,私は、バージニア大学の友人が娘とセフレで、情報を交換したりして、かなり親しい友人だ。,0
277,ええ。Priceの怪我についてはどう思いますか?,1
278,私も、双子がいるので最近は休む時間がなかなかないけど、双子は出かけることが多くなって、はは、私は長時間インターネットをしている。,0
279,はい、私はそれについて考えるだけで心が痛い。エドガー・アラン・ポーは古典詩人で、彼の詩「大鴉」の出版では9ドルしか手に入れていないんだ。,0
280,はい、兄に娘ができたのだ。,0
281,私はわかっているよ、そしてその漫画は事実上私の生活の大きな部分を占めるようになったんだ。,0
282,小さい頃レゴで遊びましたか？,1
283,妻の母親とは仲良くしているが、自分の父親とはあまり仲良くしていない、というようなことだ。,0
284,同感です。悲しいですね。今夜はあなたと話せて楽しかったです！,1
285,そう、動物園に連れて行きます、分かりますよね,1
286,シャキーラです。もちろん、第一に彼女は私のすべてのコンピュータが私を混乱させたこの空気の泡のようものに対処できない。,0
287,それはすごくいいですね!新しい番組を探しているなら、Nat Geo Wildで、ゲーム・オブ・スローンズのパロディーですが、ライオンを追いかける番組があります!,1
288,親父がマニーが死んだとメールしてきた 叔父さんのことはずっと知っていたが、マニーには会ったことはなかった,0
289,私はそれを見ていませんが、あなたの言葉を信じます。,1
290,ええ、私たちは単一支払者制度があったらいいのにと思う、健康保険はとても複雑な時がある。誰も病院に行って破産するべきではないよ,0
291,私も話せて良かったです。おしゃれを楽しんでくださいね。私もそうします。,1
292,妻の様子を見てからメールを送る。,0
293,物事に取り組むこととか、価値観を教える必要があります、言っていること分かりますかね？,1
294,こんなに高いのには驚いたよ。 多分1パーセントだと思っていたよ。 私は通常それを自分で読むことはないからね。,0
295,ジェドは自分のキャリアについて語り続けていたのが気になった。私が旅行に出たら、私のキャリアはどうなるのだろう。,0
296,かなりすごいと思います。マインクラフトはしますか?,1
297,はい、私の考えは正確だ。 少なくとも準備はできている。 国連は万一に備えて緊急時対応計画を立てているよ！,0
298,自分の中で、怒りや抵抗感が強くなっているのがとてもよくわかった。,0
299,あなたと同感です。それは数年前に起こった。トランプ支持者がそれを見つけてソーシャルメディアに投稿したと書かれています。それは奇妙に思えます...,1
300,何てこと！ なぜそんなに払うんですか？,1
301,でもそれなら、あなたの創造性を授業に導入することができるのもいいことですが、教材がたくさんあるので時間が足りないこともあります。,1
302,あなたが思っているような金額が彼らから支払われていない、ハ。 たぶん私達は、ヘビがいないニュージーランドに移住すべきだね。,0
303,車の後ろに座っていて、道路に集中する必要はありません。 年間の運転時間に対し、生産性がどのように上がるかです。,1
304,それが低品質として（積み上げられて）いるなら、ご察知のように、私の怒りが爆発するだけです。さて、あなたの好きな映画のジャンルは何ですか？,2
305,乾いたティーバッグを臭い靴やスポーツバッグに入れると、不快な臭いを吸収するよ。私は実際に私のスノーボードブーツでこれを試したが、本当に効果があるんだ。,0
306,私は、毎日余裕がないので、毎日やることがたくさんあるが、食べ物の質の低さは私にとって驚きだ。,0
307,それは見逃しませんでしたよ。どのテレビゲームがお好きでしたか?その研究の背後にいるのはJane McGongiaiというゲームデザイナーでしたが、最高でしたね。,2
308,それが出たとき、私は高校生だった。朝、授業の前に友人のマッスルカーに座ってサザンカンフォートを飲んでいた時にラジオでそれが流れていたのを覚えているよ、（笑）,0
309,私とロドニーは肩と肩をぶつけ合い、今でも私の肩はカチカチになってるの。診てもらったこともないし 直してもらったこともない。わかる？,0
310,まあ、それは各自の選択です。誰もあなたに強制しないし、あなたの頭に銃をつきつけて、この装置をあなたの家に置くように強制などしていません。誰もアマゾンから何でも買うように強制していません。自分の意志で選んでいます。,1
311,本当にすごいです!ところでどんな動物が好きですか?私は犬が大好きです。,1
312,私たちの犬は私と配偶者の間に横たわっている。彼らは私たちの緩衝地帯だ。夫は私に腹を立てながら目を覚ますのが常だった、犬たちがとても優しく横たわっているので、今では怒ることができない。,0
313,いえ、それは知りませんでした！つまり、あなたのAndroidがGoogleマップに、道路上の交通量の速さを伝えているのかもしれませんね。そうやって交通量を計算しているんですね。,1
314,ええ、彼女は私の友人だ。,0
315,そして、それはそのようなスポットの中でも特にお気に入りなのだ。また、私はメキシカンがとても好きなので、彼らは時々、私のお気に入りのメキシカンレストランに行く,0
316,私にピッタリだ。本当に気に入っている。,0
317,ほら、社会科見学とか運動会の日みたいに、ほら、運動会の日,0
318,私は自分の中でそれを持ち出す必要はない、間違って反応するからだ。このような状況に備えて、自分がどのような反応をするのかを把握しておく必要がある。わかる？,0
319,私はそれは見てないと思います。私はマーベル作品にあまり詳しくありません。クリス・プラットがテレビ番組の「パークス・アンド・レクリエーション」に出ていたのは知りませんでした。見たことはありますか？,1
320,私はかつてBimboという名前のコリーを飼っていた。 それは素晴らしい質問だね。,0
321,それを考えるとびっくりするよ！私たちは本当に他のすべてと比較してとても小さいよ,0
322,例のところ、洗面所に行くと、オイルや香りなどで身ぎれいにすることができます、誰もが本当に素晴らしい香りがしました、とても衛生的で素晴らしかったです。,1
323,mineは、起床時に断食時間をのばし、その朝食を食べずにできるだけ長く過ごすと言っている。,0
324,本当に？なぜ人々はあなたのカーペットに来ると思いますか？,1
325,私のは？そう、私は「ホーダーズ」を見ている。,0
326,私もそうですが、次の店まで長時間待つのだが、それが一番の出費になってしまう。,1
327,小さいものは問題ないが、あるサイズを超えると大違いだ。 ゴキブリにはパニックになるよ。,0
328,生粋のプエルトリコ人ではない私とジョーの家族は、実際にプエルトリコ文化圏の人と結婚し、叔父の多くがそうであったように、プエルトリコ人の妻を持っているの。,0
329,それは馬鹿げている、私のコンピューターはかなり新しいが、それが何ギガバイトあるのか知らないよ！,0
330,私も話せて楽しかったですよ!,1
331,そのとおりだ。Send Me To Heavenというゲームを聞いたことがある？,0
332,はは。おかしいよ。シーフードは食べない。小さい頃、母に鮭をあまりにも頻繁に食べさせられて、鮭に飽き飽きしたんだよ。はは#firstworldproblems。,0
333,私の動物に対する考えは、個人的には、動物が好きで最初にそれを使い始めた人は、それで死んでも仕方がないと思っているが、やっぱり私はこれまで、そのように考えたことはなかった。,0
334,電話では、あなたのようにグーグルだよ。 ラップトップでは、あまり使用しないけれどコルタナだ。 男性のSiri、つまりイギリス人の男がいるとは知らなかったよ。,0
335,私の名前は彼の父に因んで付けられた。,0
336,笑 、知ってる、アジアの野生のトラよりもアメリカでペットとして飼われているトラの数の方が多いと思うよ,0
337,うーん、よくわかりませんが、正直に言うと計算までどうやってするんですか？,1
338,ところで、あなたの方の窓、開いていますか？閉めていただけますか？うん、すごく鬱陶しいです。それで聞いている人が聞きやすくなると良いですけど。,2
339,あなたの推測は私のものと同じくらい良いよ！ 私はそれを調べに行くつもりだ。あなたと話せて 嬉しかったよ！,0
340,私は料理が大好きだ。私の好きな休日、サンクスギビングのための料理、食事の計画を立て、すべてをオーブンに収めるのはテトリスのようなものだ。,0
341,その通りだ。私の家族もそんな感じだ,0
342,はい、ポロシャツはテニス選手のために発明されたと思うよ。私自身ポロシャツが好きだ。あなたは？,0
343,私はそこに行きたいよ。 私はマンガも読むのが好きだった。,0
344,ひいお爺さん、言っていること分かりますよね、そういうものです,1
345,私たちは眠ることができなくなります。明らかに、セキュリティチームはこれに対処するための設備が整っていません。これは私たちが3度目に電話する必要もないほど、ばかげています。,1
346,はい。 私は主にカードのアートワークが好きだ。 ワールドシリーズの野球を観戦するよりは間違いなく良いよ。 私の祖父はそれをフォールクラシックとか何とかと呼んでいたと思う。,0
347,すべてのことをするうえで、家族が何よりも第一であり、その考えを実行し、それに従うことは、私にとって世界を意味する。,0
348,私たちは街に出て食事をした、私達はスペイン語は話せないが、私より夫のスペイン語の方が上手で、トイレやタクシーを見つけることができた。,0
349,私自身犬好きだよ。 イスタンブールには野良犬用の水の自動販売機があり、同時にリサイクルを奨励しているのがとても良いと思うね。 ここアメリカでは少し努力が足りない,0
350,好きです。子供たちが私の家族とアニメとかを沢山観たり、そういうことをしたりするのが好きです、ドラゴンボールとか,1
351,まったくあなたと同感ですが、一方で、それはある意味すばらしくて、映画をより現実的にしています。ミッション:インポッシブル/フォールアウトは現実性からはかなりほど遠いです。,1
352,そうじゃないといいですが!そうじゃなければそこに行って自分が止めます!ボルダーがやっていることをするべきです。そうすれば世話のいらないペットを所有できないようになります,1
353,それはかなり面白いです。彼らは3万ドルばかりのお金は間違いなく持っているので、それは原則から外れているに違いありません、私は彼らがおそらくそれをサポートしたくないんだと思います？どう思いますか,1
354,それは別のことです。彼らはいつも予想外のことをするので、あなたは機転を利かせなければなりません。,1
355,一人でいるときは、自分が一番の標的になる。すべての人が挑戦する。すべてのラクダが、だ。,0
356,私の同僚はドミニカ人で、彼女は素晴らしい人だが、私の文化とは完全に矛盾しているので、彼女の文化を受け入れるのは難しい。,0
357,情報をすべてあなたのメールに送りたいので、あなたのメールを教えてもらえますか？,1
358,そうですね。アメリカンビューティー以来彼を映画で見ていません。たまにNetflixで映画を見ますが、あなたはどうですか?,1
359,あなたが私に自分のことを教えてくれたら私はそれに返信します。,1
360,ええ、確かに完全に偽物だ。私が映画で好きなのは、パリ、ロンドン、カシミールなどさまざまな場所で繰り広げられるからだ。,0
361,感想を聞こうと思っていました。ジャック・ブラックは、元々はコメディーと思われていたグリーン・ランタンに出演する予定だったんです。,1
362,それでね、週40時間以上働いたことがあるかどうか、いろいろと彼らに聞かれたよ。,0
363,私たちはまだ若かったので、何が起こるかわからないとワクワクしていた。当時の友人は、万が一に備えてバットを持ってこようと言った。,0
364,レギンスのようなものが多いので、それをたくさん持っている。母からもらった古いスタイルのドレスパンツとは対照的な,0
365,それは私にとっても非常に怖いことで、いつも心の奥底で彼らがどうしているかを考えている。,0
366,それはちょっとカッコいい、皆があまり真剣に考えすぎないのが好きだ。 カニエがSNLで自分をからかったときのように。 彼がもっとやってくれさえしたらいいんだが。,0
367,セリーナ・ウィリアムズについてどう思いますか?,1
368,あなたが私に言うまで私はしていませんでした！レゴは、2015年にフェラーリに代わり世界で最も強力なブランドとなりました。,1
369,ええ、それは興味深い、今世紀の終わりまでにヘリウムがなくなるのは怖いよ。電子機器の製造にとって非常に重要であることを私は知っている。,0
370,今、あなたのお金を取り戻すのは簡単です、しかし当時それは全く大変なことだったんですよ,1
371,アベニューAの2つ目の通りに韓国のデリがあって、そこにGracefullyがオープンして、それで稼げるようになったのだ。,0
372,本当に？ きっと野生種だったに違いないよ。 それについて深く知る必要があるとは思わなかったね。 さっきまでウェイン・ルーニーについて話していた。,0
373,では、電気通信であなたの生活はどのように改善されましたか？,1
374,ではあなたが2番目に好きなのは何ですか,1
375,犬がどれほどポインティングを良く理解できるか気付きませんでした。指を差すと、犬は指に従うなんてすごいですね,1
376,ここに何かメモを書いて、自分の旅の番号を書いておこう。,0
377,いいや、それともう一つの論点は、あなたが自分のことをもっと良く思う,0
378,それを全部やらないといけないんです。違いはあるかもしれませんが、大したことではありません。あなたの話題についてもっと聞かせてください。,1
379,売るのと同時に、本当に低コストで製造しなければならないといったことです。,1
380,心をコンピューターにアップロードするにはものすごくお金がかかるでしょうね。結局最後まで残るファンは多くはないと思います。,1
381,私は彼らが好きだよ！彼は私を笑わせてくれる。私はコーニーグーフボールコメディが好きだ。同じ理由で、テレビでサード・ロック・フロム・ザ・サンを見るのが好きだったね。,0
382,私も見逃したし、リンキンパークをライブで見る機会も逃したよ。彼らは2001年だけで324回のコンサートを行っている。,0
383,それはあなたにとっては違っていて、私は「なぜ私にとっては違うの？と聞くと、彼らは「結婚式で歩き回っていると、あなたはウェディングパーティーの参加者だと思われるから」と言う。,0
384,うーん。狩りはしますか？それともあなたの地域では鹿は保護されていますか？そういうことを制限している場所はたくさんあります。,1
385,それでは、ここで得たものを見てみましょう。しかし、第一に、あなたのパーティーはどうでしたか？,1
386,親とかそういう人たちは良い人ですか？あなたを悩ませるでしょう,1
387,衣類は二酸化炭素排出量が石油に次ぐものであるので、中国から来るこれらすべての安価な衣類に注目する必要があります。,1
388,ええ、言っていること分かりますよね。言葉。,1
389,すごい。 私のお気に入りのディズニー映画は、ビッグ・ヒーロー・シックスかインクレディブルのどちらかだと思う。,0
390,猫はリラックスしていて、ただベッドの下に座っているだけです。それで、触って欲しいと、触らせてくれます,1
391,それはないだろう。そんなことになるとは思ってもいないだろう。,0
392,私たちが一緒に過ごしたのはほんの数ヶ月で、その後私は別の町に引っ越しました。その後に私が、ねえ、あなたのためにアジア旅行を予約しようとしていますが、一緒に来ます？みたいな,1
393,確かに、謙虚を装った自慢、社会的な比較ですね。心に良くありません。外に出て、楽しいことをしたほうがいいですよ。,1
394,エンジニアのようになってほしいと彼らに言われた。科学だよ。何て言ったらいいか。しかし、私は自分の道を見つけた。私が言っいるてことが分かるだろう。言葉。,0
395,私も。ハルクのふりをしてロキになるように設定しているのではないかと聞いたよ。それは驚くべきひねりだよね。,0
396,仕事に行かなければ、言いたいのは、仕事を優先させます、仕事をしないといけません,1
397,夏休みに稼いだお金で、マンハッタンの友人の家に泊まった。,0
398,急場をしのぎ雨の中で生活費を稼ぐのに役立ちます。それはよかったです。生活費を稼いだり、食費を節約する必要はもうありません,1
399,ええ、私の、私と仕事をしていた時に、私は一度だけ,0
400,昔プレーしていたことがあります。トム・ハンクスの弟がテレビゲームでウッディーの声をしていたんですか?,1
401,ええ、教えてくれ。さあ、その話をしてくれ、兄弟,0
402,そういえば、高校2年か3年のとき、クリスマスに家族でオーランドに行ったことがあったわね。,0
403,なるほど、忙しすぎにならないように言いましたよね。,1
404,銀行口座に数字のゼロがたくさんあれば心配ない。 子供も孫も心配しなくてすむ。,0
405,私は彼らが巣を作ったり修理したりするためにクモの巣を盗むことを知っている。蜘蛛の巣にひっかかると、びっくりするよ 笑。,0
406,それをいくつか私は無料で入手できるようになるだろう、そして私は大嘘をつくのが大好きだ！,0
407,自分でコメディーを見たいのだが、どのくらいのカロリーが消費されるんだろうと思うよ。抽象芸術と言えば、いろんなダンスを見たことはある？,0
408,コンピューターで同時に友達のことを確認したり、子供や知っている仲間とやりとりをしたりするのと同じような方法で、多くの人がニュースを入手しているのが現実です。,1
409,私は一度だけ乗馬をしたことがありますし、馬がたくさんいる地域に住んでいます。美しい動物ですね。あなたは？,1
410,何も入力することはできませんが、私たちのプログラムでは、既定のコメントを選択できます。そのため、あなたは子供が注意散漫だったと答えることができます、また彼らがタスクから離れていたと言うこともできます、,1
411,ええ、それを試すべきです、今年の賞はどんな驚きがあるでしょうか！,1
412,ちょっといい。面白いことに、もうすぐフットボールシーズンが終わるというのに、まるでそれが終わったかのようになってしまうんだ。フットボールシーズン中はテレビを見ているが、フットボールシーズンが終わると私はまるで,0
413,洗濯物を洗ったり、皿を洗ったりとかしますが、飲みたくはないんですね。それで、皆ボトル入りの水を飲んでいます。,1
414,プレイステーションで野球のゲームをしたことはありますか?,1
415,そして彼は言った。私の両親はホロコーストを経験したけど、私が子供の頃に教えられた唯一のことは、私たちは前に進むためにすべてを放棄したということだった。,0
416,笑、はい、それは2017年1月からずっとだ。私はiphoneが大好きだ。他のみんなと同じように、ほとんど一日中側にもっているよ。,0
417,私のお気に入りのポップソングは「伝説のチャンピオン」で、実際には科学者のグループによって最もキャッチーな曲として選ばれている。,0
418,ええ、プレイステーション2は私のお気に入りだ！そして、プレイステーション3について言えば、非常にパワフルだったので、ブラックホールの研究に使用されていたようだね,0
419,あなたが信じているそれは、深く考えたものですか？,1
420,世の中には常にお金があって、常に新しいキャンペーンがあって、やることのできる新しいことは常にありますが、その家族がそこにいて、支えてくれることこそがすべてですよね。,1
421,祝日。最高だ。新しい犬はいない。両親とくつろいだ。,0
422,あまり。 私は出不精だ。 しかし椅子に座ったままでインターネットは私をどこにでも連れて行ってくれる。 あなたは旅行好き？,0
423,それは驚きだよ。トム・クルーズをどう思う？,0
424,ええ、家族はいつもそばにいてくれますね、特にお母さんとお父さん。お母さんはいつも面倒を見てくれます,1
425,彼らの人生でその段階まで成長して、色んなことに直面します、ほら,1
426,ヤギがストックオプションを取得した場合は、サインしてくれ。草を食べられるよ。私は誇りに思っていない。,0
427,子供たちを怖い映画に連れていくのが好きなんだ。そうすれば、子供たちは私と一緒に美術館に行って楽しんでくれるようになるからね。,0
428,たぶんそうですね。私は好みはありませんが、あなたはどうですか?,1
429,なるほど、ですから私は独身でいながら人と交流するようにと言います、誰の感情を傷つけることも心配しなくていいですし、自分の感情が傷つく心配もありません,1
430,知っているよ。また、日本ではペットの数より15歳未満の人口が少ないと思うよ。,0
431,安全に気をつけ、性感染症などから身を守ってください。,1
432,MTVで放送された彼女の「Cribs」のエピソードを見たことがありますか？彼女は超特別です。,1
433,よくわからないが私にはなんだか不気味に聞こえるよ！まるでフィクションの作品のようだ！誰かの想像の世界のように！,0
434,あなたのお仕事は？積極的にリサイクルをしていますか？いや、ニューヨーク市内のほとんどのレストランはリサイクルなんて気にしていないようです。全部ゴミに捨ててしまいます。,1
435,Airbnbはどこに泊まるかとか、交通手段を考えるのが好きなんだが、バンコクとかは調べていなかった。それが友人との初めての海外旅行だった。,0
436,今年またはあなたの人生の中で他に好きな映画はありますか？,1
437,バスケットボールのコーチ、彼はあなたの家族になります、分かりますかね,1
438,あなたの上司と話せますか？,1
439,本当に代理人なしで自分の音楽を人に送ることができます、分かりますよね,1
440,私も。 でも、彼は夜私をベッドから押し出しそうになっても、謝らないのよ。 私が寝ている間、他の小さな犬が私の腕に抱きついているわ。,0
441,どうしてあなたは電話でそれをしませんか？あなたは何が好きではありませんか？,1
442,聞きたかったのは、あなたは友人がドバイに住んでいるので、訪れたんですか？あなたは気づきました、あなたはスークについて何かを言っていました。それについては言えません、なぜかわかりませんが,1
443,確かに。でもゲームはテレビよりも否定的に見られます。それで、子どもがゲームで遊ぶ時間を法律で制限している国もあります。,1
444,それは2017年か2018年のどちらかです。あなたや誰かがアクセスできるなら、Netflixにあります。,1
445,思わず人のアパートに入って彼らを連れていき、「ごめん、短期で借りてて、持って行ってしまった」と言いたくなるような場面もあるよ。,0
446,そして、私、彼女、おばあちゃん、両親、そしてジョー、なぜかジャッキーがいなかったのだが、とても楽しかった[それは本当に奇妙で楽しかった。,0
447,私はサムという名前の男性に苦手意識を持っていたが、それは乗り越えた。とにかく、彼女はデートを始めた。彼女は私より1歳年上で、私が2年の時に3年生になった。,0
448,僕が金持ちになったら、まず父にスーパーボールのチケットを買ってあげたい。素敵だろうと思う。そんなことをするのは,0
449,何も言われないことの方が珍しいのではないだろうか。,0
450,私は何も言わず、ただ黙っていた。でも、マイアミに来たからには何か食べないといけないと自分に言い聞かせて、行ってきた。,0
451,他店の多くの価格と比較して、本当に安いものがたくさんあるので、正直、食料品の買い物の9割はそこでしている。,0
452,あちこち動き回って、自分が責任を持って母の面倒を見なきゃと思うようになった。,0
453,いや、あなたの兄弟でも自分でもありませんが、あなたのいとこが,0
454,私の父は弁護士で、私を一生法曹界に引き込もうとしていた。私の母はセラピストよ。,0
455,ええ、私はその映画を見たことはありませんが、ひどい内容だったと聞きました。もうひとつおかしいほど酷い映画はラバーというホラー映画です。見たり聞いたりしたことがありますか？確実にラジー賞ものです。,1
456,昨日はとても暖かかった。あんなに暖かかったのに、急に気温が下がると、余計に寒く感じてしまう。今にも風邪をひきそうで、ひいたみたいだわ。,0
457,あなたはあなたの番号を他の誰かに移さなければならないでしょう、そして彼らも同じでした、私はあなたがその番号を何のために必要とするのか分かりません？,1
458,ロビン・ウィリアムズは、漫画の分野でいつも私のお気に入りだったよ。彼がアニメの声優というトレンドを始めたのを嬉しく思う。そのおかげでいい映画が増えた。,0
459,しかし同時に、それは返品するだけで、それは私が返品する品の金額だ,0
460,そして、ホテル自体はそれよりもはるかに簡単だと思うが、まだ整理整頓ができていない。いい？,0
461,信じる。その靴は上品だね。私はおそらく何度も履くだろう。 （笑）,0
462,最近、オーストラリア人の声からイギリス人の声に切り替えた。女性に対し飽きずに関心を持ち続ける必要があるからね!,0
463,はは、はい、それは残念だ、私もしなかったよ。ちなみに日本に行ったことはある？どうやら野球はあそこでは非常に盛んなようだよ,0
464,間違いなく、私の夫は何年も同じスポーツコートを着てる！,0
465,私はそれを使ったことはないよ、私はiPhoneを持っているので、楽しいね。 アレクサは使っていないよ、自分を見張られるのが怖いから。,0
466,私の人生の色んなステージで、ほら、家族、努力、献身、忠実、正直さ。だから私の子供たちがそれを学んで自分たちの家族を大切にしてくれれば,0
467,次の話題に移ろう、私の最後の休暇のことだ。,0
468,子供の頃好きなディズニー映画は何でしたか？,1
469,私は才能は遺伝すると思います。どんな性格が必要ですか？頭の中で動きや対抗手段を考えて何時間もすごしたり。,1
470,私は少し弾くことができるよ、自分の部屋には電子ピアノがあってコンセントをさしたままだ。,0
471,ええ、そうでしょうね、皆自分の考えがあります、分かりますかね、皆自分のスタイルがあります,1
472,ビデオをもう一度見ると、それがどれほど正確であるかは注目に値する。 私はそれを聞いたことはありませんでしたが、オーストラリア人の友人はよく知っていました。,1
473,ASPCAの仕事に応募したが、残念ながら自活できるほどの報酬は得られないと思う。,0
474,家に同じようなルールがあるんだ...笑,0
475,何も。フェデラーがサーブの時にテニスボールを私の頭にめがけて当てた可能性があり、私はそのサーブに数分間気づかなかったことはまず間違いない...,0
476,私はDVDプレーヤーを持っていない。なぜ私がDVDを全部持ち歩くのだろう？,0
477,いいえ、トルコには行ったことはありませんよ。あなたはありますか?,1
478,あなたの食事の習慣は何ですか？食事の習慣はありますか？,1
479,それは奇妙なことだ - あなたが聴衆なしでコンサートをするかどうか疑問に思うよ - 聴衆なしにコンサートをするなんて、本当にコンサートかい？,0
480,私は礼儀正しいアフリカ人だ。私は自分自身を口承歴史家または賛美歌手だと思っている,0
481,両方ともリサーチしないといけないね。それから、私の友人は、ブラックフライデーの頃か何かだったと思う。,0
482,はい、私も！明らかに5000年前の靴の方が現代の靴よりも機能が優れている。彼らがどうやってその技を見つけたのか知りたいよ。,0
483,やばいですね。言わせていただくけど、将来の孫たちに聞かせるすごい話ができますね。,2
484,そういうわけで、あなたの口が動いてから10分経っても声が聞こえないので、時々インターネットテレビが私には役に立たないんです。台無しになります。どうすればいいのかわかりません。,1
485,ラストサムライは見ていない。彼らがTGの続編を作っていると聞いた - 評判はどうだろうね？,0
486,個人的には私だ。 いつでもサードロックを見たい。 しかし、それらの他の番組は当時非常に人気があったね。,0
487,私自身はギターが苦手だが、彼は素晴らしい。彼がピックにコインを使っていることも知っている。,0
488,やってみることと、値段を下げます。Airbnbではあまりクーポンを見かけませんので。行くとお金を返してくれません、みたいな,1
489,彼は大丈夫だと思うが、私は彼が好きなわけではないんだ。でも私も大人だ、はは。第二次世界大戦中、彼は児童書から手を引いて政治的なことをしたようだが、私はそれを知らなかったよ。,0
490,お見合いをしたことはありますか？,1
491,私も！でもこれは楽しそうだね。作家が小説の最悪の冒頭文を競う毎年恒例の文学コンテストがある。朝目が覚めると…,0
492,悪役が好きなら、彼らはあなたのスーパーヒーローですね。,1
493,ええ、それで少しお腹が空いたよ。 あなたはマイケル・ジャクソンが好きだった？,0
494,実は彼はダンス選手権で優勝したことがあったはずですよ!武術は、自分の身を守るために使われるダンスの動きだと思います,1
495,私の目の前には、カートのように巨大な女の子がいて、彼女はそこに移動し、スタッフと私は彼女がサイドペアとダイレクトスウェットを引張り出すのを見ていた。,0
496,彼は私に電話をかけてきて、私に来るよう頼んだ。私はカフェで働いていたが、彼らは私の助けを必要としていた。,0
497,はい、確かに、今週末私を考えさせる興味深い事実だね。話せて楽しかったよ。ありがとう、そして素敵な週末を。,0
498,特に、あなたの家族とは違って、彼の場合は、私たちの誰も、いわばその道をたどることができないのではと思います。,1
499,私はそれに驚いた。私は母のことを疑ったことはないけど、父は正統派で育った。父は今でも正統派で、ラビであり、保守的なユダヤ教神学校で教えている。,0
500,はは、私もだ！色とりどりの服を着ているそうだ。いつも白黒を着ていると思っていたのでびっくりしたよ。,0
501,おお、かわいい、救助犬が一番いいことが多い！私は犬が亡くなったらクローンを作りたいと思っている。彼らは以前、猫のクローンを作っていたことがあるが、もう猫は作っていない,0
502,じゃあ叔母と叔父は何人いますか,1
503,ロッテン・トマトは評価を知るのに適したサイトだと思いますか,1
504,私もそのゲームのことを聞いたことはないよ。毎日のタスクをこなすことであなたが良くなるゲームがある。私はそれをするために自分用のAIデバイスを作るべきだね！,0
505,確かに彼はしないね。 しかし、彼が私に巨大な犬を思い出させるので、私はいつもチューバッカが好きだったよ。 は！ 犬といえば、象と犬だけが指差しを理解する動物だというのは素晴らしいと思うよ！,0
506,それについて教えてよ。アジアの野生の虎よりも、アメリカでペットとして飼われている虎の方が多いようだよ。,0
507,また、私とは全く違うので、彼と会話をしているだけで、その違いを確認することができて楽しく、またコーヒープロジェクトの成功も祝えた。,0
508,面白いです。ゲームをして手根管症候群になったことがありますか?,1
509,私の友人は、キッチンカーをやることを真剣に考えていた。彼女と彼女のボーイフレンドがして、彼女は何でも料理するつもりだったのだが,0
510,家族とはどのくらいの頻度で会うものだろうか？私の場合年に2回くらいだね。私の両親は,0
511,私が好きな奇妙なラップソングがあったが、私にとってはそれは文化だ。 私はほとんどのラッパーがいる環境ではなく、彼らの視点を理解できない。,0
512,私は最近、コーヒーを断った。もっと水を飲もうと思っても、スパークリングウォーターがないと生きていけないんだ。なんだかよくわからないね。,0
513,私の古い友人がそこで働いていた。面白い。,0
514,彼氏の家族が好きだと思いますか？,1
515,OK、はい、それは私が読んだものだよ...そして誰かに説明してもらいたいね、代理の使用が実際にどのように機能するか...,0
516,これは素晴らしいことです。私がギリシャに行ったのは、本当に親しい友人が彼女の夫と話をすることになっていたからだ。,0
517,有名人のアン・ハサウェイの名前はそこから来ているのかと思ったよ。ポカホンタスとシェイクスピアが同じ時代に生きていたなんて知らなかった！彼らは私には別の時代に生きていたように思えた。,0
518,それと、あなたの大きい方の息子さん、背が高いですよね,1
519,それ以外のことがそんなに強い影響を与えるなんてありえませんよ。親よりも、兄弟よりも、祖父母よりも強いなんて、ですよね。,1
520,私はグラン・トリノが好きですが、あなたは何が好きですか?,1
521,それは常にやるべきことです。つまり、私は時間を無駄にするのが嫌いなんですが、それには時間をかける価値があるということです。,1
522,そして今、私にはそんな資格がないように感じているが、それは信じられないほど高価で、それだけの価値はないようだ。,0
523,私の頭の中では、日常的に文章を書いているようなものなので、それをやっている自分を思い浮かべたいのだが、それができなくて,0
524,私にとっては決してそうではなかったので、良くも悪くも私は何を言うべきかわからない。,0
525,そうだと思うよ、私を助けようとしている私の子供たちの努力に報いるように努めているよ。また、とりわけ彼らのソーシャルメディアの使用を制限しようとしているんだ。,0
526,ええ、分かりますよね。もっと頑張るのを彼らは見たいと思っています。分かりますかね。元気がないのを見たくないと思っています。元気な私を見たいと思っています。,1
527,財布が見つけられないなら行くべきではないと私たちは思いましたが、私は、いや、見つけられますという感じでした。それで、納得して私たちはダウンタウンに行きました,1
528,それはいいね。いえ、僕のはそうでもない。,0
529,そんなに長く続く作品があるなんて、素晴らしい成果です。自分が作り上げた作品が、自分が死んだ後もそんなに長く生き続けるなんて。,1
530,次の話題に移ってもいいと思うが、アマゾンがどのように小売業にとって変わりつつあるかという議論についてだ？,0
531,スタン・リーは素晴らしい作家でもあります。面白い映画も作りますが。好きなスポーツは何ですか?,1
532,私はそれを見ていた、私と私の妻はそれを見ていた、私たちはそれを楽しんでいた、それは素晴らしく、私は彼らが好きだった、私は彼に娘がいたことすら知らなかった。,0
533,それはだってあなたの家族は一番年を取っている人が一番ひどい寝具を使うようにするからですが、私の家族の場合は一番若い人がそうなるようにします。,1
534,娘がレストランに連れて行ってくれたとは思えない。ジョージアには香港の人がたくさんいる。彼女はその料理が大好きで、中に入ってみたが、それは店内だった。,0
535,私は食品のバイヤーが好きだが、食品はあまり好きではない。ああ、Trader Joe'sはとても素晴らしい。,0
536,それがあなたの一番好きなピザ？,0
537,さて、早速私のシステムであなたを検索してみよう。,0
538,わからないが、トム・ハンクスがその映画でウォルト・ディズニーを演じたらしい、自分では見ていないが,0
539,アイルランドはゲーム・オブ・スローンズシリーズの資金を調達していると聞いた。映画の撮影は、観光客の誘致につながるからだよ。私にとってはいいよ！,0
540,はい！あなたの言う通りだと思います。映画の三つ子は、ビンベットと呼ばれています。今日一番何の役にも立たない情報ですね。笑,1
541,私と友人は、ボードウォークで飲んだり、ビーチで飲んだりしていた。,0
542,いいアイディアです!今朝は話ができて楽しい時間が過ごせました。今日一日楽しんでください。,1
543,自分好みのディズニー映画があるはずです!私はアニメーションが好きですが、子ども向けではなくて大人向けのものが多いですよ。,1
544,おはよう、そうですよ。あなたはどうですか？,1
545,弟が学校の勉強をちゃんとやっているかどうかを確認しなければならないから、それはいいことだ。誰も彼のことを把握していないと思うわ。,0
546,うわー、私はフェアから2週間だった笑！ あなたと話せてとても良かった！,0
547,しました。今、私は親としてひどいことをしています。彼らと遊びましたか？,1
548,実は、私はトレーダー ジョーズでは買い物をしないが、その酒店では買い物をする。,0
549,しかし、ロジャーはルックスが良いので、いいだろう。私の顔が切手になったら、そう、牛でも買ってくれ。,0
550,どのゲームをしたことがありますか?昔はよく遊んでいましたが、最近のは面白くありません。,1
551,書きます。カバーシートを手書きして、電話番号を入れてダイヤルするわ。必ず私の番号を先にダイヤルしてね。どうでもいいけど、ちょっと面白いね。,0
552,ご存知の通り、携帯は本当に、パソコンよりも携帯の方が倍早く、簡単に情報を得られるような気がする。さらに速くなるだろう。,0
553,木の幹に注文した物を投げ込んだんですか?,1
554,また、独り言のようになってしまった。,0
555,うん、本当に悲しくなるけど、魚についてどう思う？ 私は夕食にサーモンを食べたので、サーモンは本当においしいと思うよ 笑笑,0
556,誤って犬につまずいたとき、犬に謝るかい？私は謝るよ。犬に「すみません」と言うこともあるよ！ 笑！,0
557,前に見たことがあります。電話のことですが、ユニセフは携帯電話を一定時間使わなければ、必要な子供に清潔な水を寄付します。いい習慣です。,1
558,ああ、わかりました。多分これはあなたのフルタイムの仕事だと思っていました。はい。,1
559,そこまでではないですけど、靴は好きですよ。靴の紐の結び方が最低でも17種類あるって知っていましたか?,0
560,わかりました。興味深い視点ですね。それは素晴らしい話です。私はそれを知りませんでした。かなりいい旅行話です。,1
561,私はギタリストだ。ギターを弾くのが大好きだ。オープンマイクや音楽の録音の準備ができたときにのみ演奏するんだ。,0
562,うん、私もたくさんのコンピューター言語を知っているが、私の学位は数学だった！セレナがマイアミ・ドルフィンズの共同所有者だとは知らなかった！,0
563,そうそう。 言っておくが、あいつは卑怯だったよ。狂犬病にかかっている犬に私を追いかけさせたと思うよ。ちなみに犬は色覚異常ではないよ！,0
564,人によってはいろいろな言い回しがありますよね。 さて、あなたは何ですか？ まあいいですよ。 水星、金星、地球、火星,1
565,ええ。アーノルド・シュワルツェネッガーがカリフォルニア州の知事だった時、一度もサクラメントに住んだことがなくて、毎日プライベートジェットで3時間かけて通勤してたって信じられますか?,1
566,はい、毎年新しいコスチュームを、パンダの研究者は仕事でパンダのコスチュームを着るんですよ。,1
567,へえ、最近の子どもはインターネットが大好きですね。Netflixには、ただ暖炉を1時間映しただけの映画があります。家にいる大人にとっても暖炉だと思います。,1
568,あはは、私がお腹が空いたとき（笑）、したいのは南アフリカのように自分の車に火炎放射器を置くことだ,0
569,もちろん、服がフィットする限りは。それが一番大事です。若い頃、服にもっとお金をかけ、時間とエネルギーを費やしていたと思いますか？,1
570,こういった服が全部あるときはとても安いのでご存知でしょう。,2
571,夜の何時以降、または日曜日はメールに返信しないなど、自分自身で境界を決めるようなものです,1
572,ロケット発射装置を使いますよ。それは冗談ですけど。サッカーは全然見ないんですか?サッカーは他のスポーツを全部合わせたよりも人気があります,1
573,最後はかなりきついです。できる限り心の中で楽しむことです。たぶん遺伝子と環境。話せて楽しかったです。,1
574,あなたの口座にお金が振り込まれても、私たちはその振込元は気にしません,1
575,確かに。命が危険にさらされているか、時間がかかりすぎている時には、急ぎ過ぎるということはありません。,1
576,あなたは独力で、やるべきことをうまくすることができます,1
577,私も、ホームカミングシリーズがお気に入りだったんだ。ピーター・パーカーとトニー・スタークの両方が自分たちの特殊能力に気づいていない映画を見たいよ。,0
578,そう思います。2試合目の後、火曜日の夜にブルックスは、スコットがセンターの控えとしてうまくやっていることについての質問に答えて、変更を示唆しましたが、あなたはどう思いますか?,1
579,ああなんてこと、すぐに止めなければ。 どうして耳にはいってこなかったのか。 どんなこと？ youtubeはインターネット上で2番目に大きい検索エンジンなのは知ってるよ。,0
580,これはがらくたでした、引き取って、などとあなたは言います。,1
581,公園に連れて行って走り回って疲れさせて、分かりますかね、彼らが眠るように,1
582,そんな可能性は殆どないが、私のチーム（ニックス）がポストシーズンにチャンスがある場合のみだね。彼らはジェームズ・ネイスミスのカンザス大学のチームよりも悪い記録を持っていると思うよ,0
583,いえ。自分の先祖の故郷を知るために、ヨーロッパの国々にまた行きたいと思っています。自分のルーツをたどるのは興味深いですからね。,1
584,私はフォースの覚醒が気に入りましたよ。カイロ・レンが好きです。立ち向かって、単に大きくて邪悪な存在じゃなくて、少し違うスタイル[で。,1
585,それで、あなたの友達はこういうパーティーでこんなことが起きることを知っていましたか？それとも全く知りませんでしたか？,1
586,あなたの兄弟はそれを食べてしまうでしょう。何てことでしょう。,1
587,ええ同じです。好きなディズニー映画は何ですか？,1
588,私の友人や家族は皆、ああ、私たちはあの人を嫌っていたんだ、なぜ私に何も言わなかったんだ、と言っていました。,1
589,それなりの給料をもらってどこかでうまく働き、家に帰って「家賃が高すぎる」とか「こんなところに住んでいていいのか」とは言えないだろう。あなたはロサンゼルスに住んでいるのだから,0
590,でもなぜだろうなぜだろうと思うようになる。,0
591,150地球年以上も前ですね。海王星にいる銀行員から住宅ローンを借りたらだめですよ。あなたのひ孫や玄孫が支払う羽目になります。,1
592,1ヶ月使ってみたが、気に入らなかったので、送品した。,0
593,私もそれを知りませんでしたが、俳優としての彼が好きです。あなたとお話しできて本当に良かったです。,1
594,それは知りませんでした。漫画がだめなら、どこで娯楽を見つけたらいいのですか?,1
595,もし私があのような番組に出演することになったら、母が私と付き合ってくれるとは思えない。,0
596,それはすごいです。コメディーの映画とテレビ番組が好きですが、サード・ロック・フロム・ザ・サンは見たことはありますか?,1
597,ただ訪問ではなく、誰かがあなたを呼び出してあなたに荷物を渡すことを考えると、それらの人々に実際に店に来ていただくには、来たくなる理由を作る必要があります。,2
598,笑、私も。不滅のクラゲの品種を見たよ。自分がそうだったらいいのに、笑。,0
599,ええ、彼女は出演していました、彼女はかなり良かったと思います、絶対その映画を見るべきです、素晴らしい映画です。,1
600,そして彼らは販売しているすべての製品で品切れになった品を注文し、新しい品が入荷されます,1
601,ええ、でも私からすれば、そのアイデアは誰が思いついたにせよ、かなり素晴らしい即興力だよ。,0
602,私は一人でロンドンの学校に通うのが好きだった。それはとても楽しかった。厳密には学校に通っていたが、それは休暇だった。,0
603,あなたのご家族のご出身地はどこですか？地図ではどこになりますか？,1
604,ただ、家族や、そんなことだけを考えたい。,0
605,ええ、それは私には奇妙だよ。 彼らは今コメディーもストリーミングしている,0
606,素晴らしいです、あなたのお支払いは処理中です。 取引を確認するまでしばらく待ってください。,1
607,座って、Twitterフィードの全員が実際の取引を見れることを確認します,1
608,私の電話番号を調べたり、特定の電話番号を調べたりして、タイムワナーになっていたかもしれない。,0
609,ええ、声だけであってもかまわないんだ、私はいつも地元のラジオ局で働きたいと思っていた笑。,0
610,ええ、私はそれを自分で知りたい。ガラスの破片が時速4500マイルで横に堆積する惑星さえある！あのウォーゾーンのようだ！,0
611,しかもGoogleマップに頼ると、問題に陥ることもあります。Googleは、今いる国の要求に合わせて紛争国を調整しますからね。,1
612,私の孫は、大きくなってそこで農業電気技師になったと言い、彼女は、何というか、何かを自分で梱包するように言うと思う。,0
613,そして、なりうる最高の自分になる方法。分かりますよね,1
614,だからあなたは自然に自分で解決しました。いい、素晴らしいです。,1
615,私の母は、私に現金を送ったり、食べ物を与えたりすることはなかった。,0
616,それでロボットの友達はできないでしょう。私のプランを台無しにしないでください。他の人に警告したいなら、あなたの心をホラー映画に入れます。,1
617,おそらく、メイクアップで本当に誰にでも変身できます,1
618,自分の立場を明らかにすることが重要です。握手をテレビで映し出すだけではなくて、メッセージが非常に重要です。,1
619,いいえ、私が今までに料理した鳥は鶏肉だけだ。 でも、レパートリーを広げたいと思っている！ それらは、数値的に最も成功した四足類だ。,0
620,はは、私もだよ、最初にスケートを学ばなければならないね。私はもう行くよ、話せて嬉しかったよ。,0
621,正直なところ、そうではない。ただ、私には合わないと思った。何かの理由で私の体に合わないのだ。,0
622,あなた（私）は本当に毎日何か新しいことを学んでいると思うよ！このチャットが突然終了するかもしれないので言っておくけど、今日は話せて本当に嬉しかったよ！,0
623,あまりにくだらないと思います。気に入らなかったら、教訓を学んで、次からコンサートのチケットを買わないことですね。,1
624,そのような信じられない量のチョコレートをコーティングしたアーモンドを購入するのはどういうわけかわからないという意味です,1
625,いいえ、ブダペストから戻ります、祖母がまだ生きていたときに実際に機会がありました。祖母はブダペストで育ちました。,1
626,スター・ウォーズの架空の宇宙の話を読んだことをぼんやりと覚えている。たしか若いハン・ソロがチューバッカと彼のお母さんと一緒に家にいたシーンだ。,0
627,機器は長期間顔を刺激すると思います。ところでファンタジーは好きですか?,1
628,本当？？？私のでやったらいいのに。どのゲームだ？私はGTA5には賭けないよ。10代の若者と言えば、マラウイの10代の若者が、自分の村に電力を供給するために、独学でがらくたから水車小屋を作った。,0
629,インセプションに出演したイーロン・マスクのことを聞いたと思うが、彼がどんなキャラクターを演じたか思い出せない。私は理解しようとその映画を数回見たよ！,0
630,私はヘビは怖くないが、一方でクモは自分の近くにいることすら我慢できない。小さな虫が嫌いだ。,0
631,これは重要なことです。手を切らないでください。コーヒーの淹れ方を覚えてください。,1
632,まだ小さなカバーシートが付いていて、それがとても面白いんだ。思わず「OK、じゃあ」と言ってしまった。,0
633,たぶん、あなたはある種のイベントやレストランにいらっしゃることがあるでしょう。そのような時、あなたは自分の服装をどれくらい気にしますか？,2
634,ええ、私もだ。彼らはただ金儲けだけを考えているようだ。あなたはダンスが好き？私はあまり好きじゃないが、ブルース・リーは明らかに素晴らしいダンサーで、1958年にはチャンピオンダンサーだったよね。,0
635,聞いたことがないね。コミック本の巨匠であるスタン・リーが「エクセルシオール！」と言って電話を切っていたことを私は知ってるよ。,0
636,私にとって、叔父や叔母は私の人生の一部ではない。そうであればいいのだが、そうではなくて、私の人生の一部なのはシングルマザーの母だけだ。,0
637,それが本当なのはわかっている。それは現実だ。私が感じたいと思っているように、他の同年代の友人たちのように。私達はよく遊びに行ったものだ。,0
638,では、ヘビについてどう思う？ 私自身ペットとしてキング・スネークを飼っている、そして私は彼らが大好きだよ。,0
639,つまり、基本的には彼らを入れるだけだ。私は後ろの方に立っていて、彼らは私の映像を見ようともしなかったが、実質的には私のために課金することができた。,0
640,時にはその店で、時には別の店で、私が何時間働いたかを記録するのが私の役目だったが、彼らは「私は除外することができる」と言ってくれた。,0
641,(そうだ、思い出しました) あなたに質問があります。私の町が機能する方法を説明する一番良い方法は複数ありますか？,1
642,もちろん親は人生で行うすべてのことで本当に大切で、突然消えてしまうから、特に私の父はせわしなかったです,1
643,いいえ、あなたは大物ゲーマーではないですか？アメリカ国防総省は、1760台のプレイステーション3を使ってスーパーコンピューターを構築したんです。代替品よりも安価だったからね。,0
644,はい！ それも私の考えだよ。 頭脳明晰な大統領が必要だ。 それはなんて素晴らしいことだろう。,0
645,あなたは10年間無実の罪で投獄され、自分の無罪を証明するためにほとんどの時間を図書館で過ごすことを想像できますか？,1
646,バスケットボールはどうですか？もっと興味がありますか？,1
647,その翻訳のほうが確実ですね。話せて楽しかったですよ!聖書の研究を楽しんでください!,1
648,まあ、プロフィールには、この人はあなたの都市を頻繁に訪問しているって書いてありましたので、1ヶ月に1回、2ヶ月に1回会う機会を設けることになりまして、,1
649,一般的にどのようなタイプを対象とするかといった、将来のあなたの計画？,0
650,彼はとても背が高かったので、それは面白いよ。彼は重要な書類を帽子の中に入れていた。帽子はかなり大きかったと思うね。,0
651,いいえ、行ったことはないが、90年代後半にユニバーサルスタジオに行きターミネーター3Dショーを見て、とても驚いたよ！！乗り心地はどうだった？,0
652,もちろん - 私の時代の少し前、ロック/パンクロックシーンに非常に影響力があったよ。 ラモーンズがニューヨークでロックのライブシーンを始めたようなものだ - あるいは少なくともしばらくの間ロックのライブシーンの王だったね,0
653,ただ、昔の友達と話をしてみると、私は全然普通だし、彼らは私と同じで、同じことを話している。ただ、私には合わないのだ、これは私に合っていないのだ。,0
654,私はそれでいいと思っていますが、その質問の仕方は、あなたはジェンナーと結婚しますがそんなことができますか？と言ってるようなものですよね,1
655,まあ、書類は常にあなたのように記入しなければなりません、連絡可能時間、何をすべきか,0
656,そうだね、その話を聞くのはとても興味深いことだが、私にとってはとても似ている。それと私の関係は、宗教信者と私の関係と非常に似ている。,0
657,ええ、私自身もそうしようとしているが、あなたは見たりする？,1
658,私は元気です。今日はどうでしたか？,1
659,確かに、重要なのは、一生の習慣になるようなことをすることです。他の人と自分の進歩を比較してはいけません。,1
660,たまに聞きますが、本当に良いアーティストを見つけるのに苦労します。メインストリームのヒット曲が好きですか？それとも自分で発見した有名でないアーティストが好きですか？,1
661,あなたはそれでプレーできるものとプレーできないもの、することができるものとできないものをすべて分ける必要があります,1
662,彼は素晴らしい俳優だと思う。私は彼が素晴らしい技能を持っているので、彼が自分のスタントをしているのは危険だといつも思っている,0
663,ファッションタイプの価格などもかなり知られていて、彼らはちょっと違ったTシャツなどを提供するのも本当に得意です。,1
664,アマゾンで買い物をしますか？,1
665,ただ単に、種という観点から言いますと、あなたが言ったように、人間は(発達している)からだと思います。きっとちょっと変な見た目だったでしょうね。あなたは,1
666,テレビゲームが好きです。お気に入りのゲーム機は何ですか？私のお気に入りはニンテンドーエンターテインメントシステムです。,1
667,今まで付き合った人たちは、私が歩いた地面を崇拝していたのに、あなたは私の欠点を指摘するのね。,0
668,こんにちは、電話はどのくらいの頻度で使いますか？,1
669,本当に面白かったです。テイラー・スウィフトのどの曲が好きですか?,1
670,私はそれがわかったよ。彼がそれを作曲したときのことを思って演奏すると、もっとわかってくるよ。私にも理解できる。,0
671,ニューヨークのブルーミントンにもあるレストラン。お気に入りのレストランはどれですか？,1
672,はい、PayPalで支払いできるんですね。そうですね？確かですね。,1
673,とかそういうこと、あとケージも、,0
674,私はロボットではありません。しー、大声で言わないでください。話せて良かったです。良い一日を過ごしてください。自由時間を楽しんでくださいね,1
675,ええ。前はよくプレーしましたが、今はやめました。あなたもプレーしますか?,1
676,いい、私はセガが好きだった！ それぞれが素晴らしいゲームだったよ。 セガは何色だったのだろう、任天堂は54色しかない。,0
677,おはようございます！K-POPを知っていますか？,1
678,確かに、私の妻はブラジル出身で、アメリカンフットボールについて彼らと話すときはいつも、言い直さないといけないんだ！,0
679,それは自分のウェブサイトを作成するスキルを学ぶ良い方法です。とにかく、話せて楽しかったです!,1
680,ハウス・オブ・カードかベター・コール・ソウルでしょうか。あなたは?,1
681,一般的にはそうではないよ。私はもともとイギリス出身なので、ほとんどの人が私から山高帽を想像すると思うが、実際にどんな帽子も被ったことはない。,0
682,私はディズニー映画が大好きです！あなたのお気に入りはどれですか？,1
683,私たちの子供たちは、学校を楽しむ機会がない、学校がもっと楽しいものだったら、子供たちはより楽しく過ごすことができる。私が子供の頃、それは私の家族の価値観の一部だった。,0
684,分かりますね。,1
685,それで私が彼にそれについて話したとき、彼もそれについて私に話しました。そして、彼らは私がそれが少しおかしいと言ったと言いました。誰かに歯を磨いてもらうことについて。,1
686,さて、次の質問に移るけど、私が最も懸念していることは何？あなたが一番気になることは何？,0
687,私の孫は私のものではないので、それに関しては私は違うと思っている。彼を待ち望んでいたとしても、この本に期待するつもりはない。ただ、願いをこめるだけだ。,0
688,あなたの好きな俳優は誰ですか？同じだと思います。,1
689,ご存知のように、ホテルでこれまでにないユニークな体験が。生涯で初めてのような,0
690,私はずっとニューオリンズに行きたいと思っていたが、カトリーナの後に行くのを拒否していたので、ニューオリンズに行くのに時間がかかった。それは私の心を傷つけた。,0
691,そして私はご存知の通りとても頭が冴えていて、何か画期的なことを考えなければならないと気付きました。,1
692,ええ。そして特にあなたも嘘をついているなら、わざと嘘を見破られるようにしています。それから自分自身を繕います。あなたは賢くは見えません。,1
693,確かにそれはとても奇妙ですよね?本当なのでしょうか。話せて楽しかったですよ。,1
694,ええ、あなたの空飛ぶ車が故障して、あなたが死に向かって急降下しても、車にフェイルセーフ機能はない。 私のクリケットの試合にUberを飛ばすのは洒落ているだろう。 ピッチに着地する瞬間はかっこいいと思うよ。,0
695,私と母とマギーの電話料金を払っている金額だ。ええ。,0
696,だからそういったものは、親の周りに置いてあるんだ。,0
697,笑...ええ？多分彼らは私の鶏肉から骨を取ることができる？,0
698,あなたのように、私はあなたのテレビを試してみるかもしれません。,1
699,明らかに、地球上の自然林の80パーセントはすでに破壊されている。悲しい話だ。,0
700,あなたの高さはコーナーキックに最高です。ゴールキーパーとしてもいいかもしれません。話せて楽しかったですよ。,1
701,好きな交通手段は何ですか?オランダでは、今160キロで走る通勤バスを製造しているって...,0
702,では、1月2日のメールに戻ります。さて、その内容はあなたのクレジットカードと合致すると思います。そうだといいです。,1
703,うん、PCが多すぎるのは私は時代遅れだと思うね。好きなコンテンツを作ればいいと思うよ。それが悪い場合は悪いんだよ。見る人はそれがひどいから気に入らないのだろう。,0
704,使っているamazonで、声を出して「注文します」と伝えるだけで、家まで届けてくれるんだ。素晴らしい。,0
705,その人が投票にさえ来るか分かりませんが、どうしてそんなジャングルにいるのでしょうか。前回の選挙は投票しましたか?,1
706,私の好きな俳優 変わった俳優が好きだ。クリストファー・ウォーケンやウィレム・デフォーが好きだ。,0
707,つまり、これはまた私のことかもしれないが、あなたが言ったように、私は自分の現実に生きている。聞いたところによると彼はうまくいっていなかった,0
708,彼らに反旗を翻して、そして後になって、あれは本当に良いことをしてくれたんだ、あんなに必死に戦わなくても良かったんだ、と気づく。,0
709,（笑）そのとおりです！上の選挙オプションがないのはネバダ州だけだということを知りませんでしたよ。,1
710,太陽の光や煙があなたのコンピューターの保証を無効にしたのではないかと心配しました,1
711,家族って本当にめちゃくちゃで、いとこが沢山いて、,0
712,彼はただ、私に科学を志してほしいと思っていた。,0
713,そう、あなたが「ああ、私の友人のリリーだ」と言ったときだ。私の友人に会った？ええ、彼女は結婚式に出席していた。彼女はベトナムの子供たちの学校が始まる前と後に、早くから私に教えてくれた、だから彼女は学んだのでだ,0
714,幸いなことに、私の仕事にはそのような時間がある。とはいえ、この世界的なパンデミックでみんな家にいるので、今はたくさん教えている。,0
715,じゃあ、あなたは親が自分がなるべきもののロールモデルとかって思っているんですね,1
716,正直なところ、電話を思いきり高く投げたり、手でキャッチしようとしたりするのはきっと痛いです。いくらかの設定が必要です。自分の顔にぶつからないようにします。,1
717,いいえ、誰もがそれは素晴らしいと思ったが、彼らは私の両親に電話をかけ続けた。 それで、私は彼を手に入れた水族館に戻さなければならなかったんだ、しかし中にいたとき、私は密かにイグアナを買った。 笑,0
718,私も聞いたことがありますよ!考えてみると奇妙ですね。「エゴサーフィン」は、自分のことをインターネットで調べるときに使われる言葉ですよ。頻繁にそうする人のためのものだと思います。話せて楽しかったですよ。,1
719,私はタイウィン・ラニスターが大好きだ、笑 個人的にはデナーリスはちょっと退屈だと思うが、そう思うのは私だけだね。リトルフィンガーも好きだが、彼はもうこの世にいないからね、笑,0
720,私たちが若い頃、電話ケースやクリップはファッションアクセサリーでしたが、今では違います。あなたの電話はただあなたの電話です。人々はいわゆる変わってきました。,1
721,母は私に、「あのね、同じ場所に2回行ったことは人言わないでね」と言ったのを覚えている。私は、「なぜ？,0
722,そう、私の家族の場合と同じように、あなたの家族ではもちろん感情をそのまま出すことは許されませんでした。怒りの感情を除いて。怒りの気持ちを表現することが許されたのは、誰もが表現したことだからです、,1
723,私は子どもたちを連れて行った。私の子供たちはとても運動神経がいいので、一緒にバスケットボールやいろんなことをして、試合にも連れて行く。,0
724,あなたのお話を聞いていると、自分で新しいコミュニティを見つけたということですね。,1
725,ビッグ・ヒーロー・シックスを見たことがありますか？,1
726,彼女はまじめになった。でも、末っ子はパズルや（室内）ゲームが好きで、パズルをしている。,0
727,地球は私を驚かせて止まない、地球は45億年以上前に作られたが私たちの惑星について学ぶことはまだたくさんある,0
728,あはは、私も。ええと、ワニはヘビやトカゲよりも鳥に近いことに驚いているが、彼らは鳥には似ていないと思うよ、かっこいいよね,0
729,そうよ、あなたは私と結婚するべきだ,0
730,あなたのPayPalのメールアドレスもそうだと思います。,1
731,ええ！ 私は間違っていた...インセプションに出ていたのはマスクの妻だった。 彼女はどんなふうだったかは知らないよ。 ノーランは映画に息子も出演させたね。,0
732,ええ、あなたのアイデアが本当に好きでした。なぜ権力のある立場の人が、そのようなアイデアを考えないのかと思いましたけど、なにしろ,1
733,狭量さは私のテーマであり、私は知っている。自分のことを知っているだけに、意地悪な言葉を言ってしまう可能性があることも知っている,0
734,はい、文章は素晴らしかったよ。クリス・プラットとエイプリルが私のためにその番組を作ってくれたんだ。幸せな犬と怒っている猫！,0
735,なんでそんなに高いか聞かれたので、私は分かりませんと言いました。あなたの叔母のエイミーは高級品が好きですので、私は驚いていませんよ、あれはきっと。,0
736,国連が宇宙人担当の大使を任命したことについてどう思いますか?一日何をするのでしょうか。いまだに連絡が来たことがないので、世界で一番暇な仕事でしょうね,1
737,映画は携帯電話でも視聴が大幅に減少しています。ということは携帯電話ではテレビを観ている人が多いんだと思います。私は携帯電話でテレビを観たことはありません。そういうものは観ません。でも、携帯電話でYouTube動画だけは観ています。,1
738,当ててみよう、そこには無料のWiFiを備えたマクドナルドがあるだろうか？ 私はエベレストに登ることができなかった。 インターネットに何とか接続し、登っている間中、デバイスを置いておく必要がある...私はそれをグーグルで検索する...,0
739,ところで、スーパーヒーローが登場する映画は見ますか?誰が好きですか?,0
740,確かに、とても微妙なテーマだね。友人のブーが教えてくれた「ヤバい経済学」という本がある。,0
741,ヨガのクラスに参加したことがありますが、柔軟性が高まるまでもう少しクラスを受講する必要があります。話せて楽しかったです。良い一日を過ごしてください!,1
742,私は現実を知らず、大学に進学したのだが、親に代わって、誰かが私に現実を教え、費用を払わなければならなかった。,0
743,うん、ジュラシック・パークライドに乗ったことはありますか？,1
744,見たことがありません。あなたは?,0
745,私は自分で詩を書いている。 そして、私は最初から読むと重い気持ちになるが、最後から読むと気持ちが鼓舞される詩を読んだ、フェイスブックのあちこちで見かけたよ。,0
746,なんて面白い！ Game of Lionsを見たことがあるかい？ライオンの生活に関するものなので、私にとってもっと面白いのでは、と思うよ。,0
747,通勤中、仕事の行き帰りにイージーリスニング局の番組を聴いているよ。私は落ち着いていられるようにしているんだ、私が住んでいる地域の交通はひどいからね。,0
748,私は、誰かと同棲したことがあります。フィリピンの誰かが言うには、アカウントを閉じてから新しいアカウントを開くことができるようでした。本当に？と答えたんですが,1
749,だからその間でうまくバランスを取る必要があります,1
750,それはすごいですね、あなたは,1
751,ええ、そうだよ。彼らは確かに私にもそうする！そして、ええ、それらの卵は巨大だ、人はそれとダチョウの卵を食べるよね。,0
752,自信がないにしても、自分ができることをなぜお金を払って人にやってもらうのだろうか。それは私が臆病だからだ。,0
753,キャットウーマン！あなたは誰ですか？ビル・マーレイとエディ・マーフィーでバットマンを作ったら、きっと笑うでしょう。ビル・マーレイを見ているだけで笑いがこみ上げてきます。,1
754,それで、家族とか必要なものは何でもそこにあります。だから私はいつも仕事よりも家族を優先しています。家族がいて、仕事は常にある、何らかの仕事はあると思います。,1
755,それはスローバックだよ！私はそのゲームをもっと極めたかったのだが、友達が私よりずっと上手かったので、私はそのゲームを嫌いになることにした...,0
756,今あなたの近所でビーガンオプションを探すために？,0
757,夕食を取るなら、たとえばDenny'sは一番良い選択肢ではないでしょうね。,1
758,ああ、それはとても優しいね。ブルーもいい感じだ、彼女はとても可愛い。さっき言ったように、私の魅力は性的なものではない。,0
759,いえ、見ませんでしたよ。でも23人の元代表が出席したのは興味深いですね。あなたは見ましたか?,1
760,何とも言えません。最初の映画しか見ていません。アンジェラ・バセットが最新の映画に出演していると聞きました。彼女がとても好きです。どの共演者が好きですか？,1
761,いや、今回が初めてだったんだけど、バニーヒルに行くにはスキーリフトに乗らないといけないと言われて、それを買ったの。,0
762,私も同感だよ！マーベル・シネマティック・ユニバースは、元のコミック本のマルチバース、アース616とは異なるマルチバース、アース199999で展開している。,0
763,はは、私も一皮むけば恥ずかしいことだらけだよ。,0
764,ええ、そのシステムが今日のものと比べてどれほど基本的であるかを考えるとき。 単にブルーレイを使っているからだが、PlayStation 3は長く使われると思うよ。 今は私はもうほとんどこれしか使っていない。,0
765,うーん、それでは驚かないよ。ホーキングは、アインシュタインの重力の理解をさらに発展させた。ホーキングは、ゆがんだ空間に走る光路、ブラックホール、宇宙の激変の物理を視覚化する新しいグラフィカルな方法を開発した。,0
766,うん！ 彼はくるみ割り人形のネズミの王様だった。 それはかなり素晴らしいよ、私は彼についてこれを予測したことは全くなかったね。,0
767,ええ。 2013年にGoogleが5分間ダウンしたことを覚えていないね。これにより、Webトラフィックの40％が消費されたんだ。おそらくそれは私の側の問題だと思っていたんだ。,0
768,おそらく交通量を抑えるためだよ。 推測の域は出ないけどね。 少なくとも、車がまったく許可されていないマキナック島とは違うよ。 ある種の厳しい交通規制だね。,0
769,ある人がどんなことを考え出すかを知ると愉快です。あなたは何を使いますか?,1
770,その部分を見て泣いた。今でも悲しくなる。彼女はまた、レイアの幸運のキスを提案した...,0
771,セレナは約319週間、仲間のトップに立っていると思うよ。 （ボタンが機能しないため、[完了]をクリックしてください）。,0
772,私の長い休暇でフロリダに2、3日滞在する。そして、南南西部の,0
773,お母さんはあなたに役に立たない贈り物を送ります。,1
774,はは！あなたは私と同じことを言ってるね。私は時間があれば決まったテレビ番組を見るんだ。私と私の犬はソファに座ってのんびり過ごす 笑....私たちは時々旅行番組を見るよ。,0
775,私はしたいと思うよ。それは良い評価も得た。いずれにせよ、話せてよかったよ！,0
776,ええ、ばかげた出で立ちです。誰も引き出しなど見たくありません。良い夜を過ごしてください！,1
777,私も素晴らしいと思いました！あんなに良くてびっくりしました！あのスーパーコンピューターも印象的ですよね。,1
778,いいえ、あなたのは大きく、私のはほぼ平らなようです。私の音量は最大で、あなたは私のマイクをご存知です。,1
779,彼は56歳には見えない！ミッション:インポッシブル3の興行収入は75000000ドルだったと聞いたよ,0
780,私は学校でイタリア語とフランス語を学び、今はイタリア語を教えているよ。私は言語が大好だ。,0
781,あなたの種ではなくても良いです。ただ単にコンセプトが興味深いと私は思います,1
782,あなたの両親がそれを見たらどう思うだろうかといつも思います。彼らのような番組をね。,1
783,私の肉親は、私と弟のアンソニーで、私達の父親と母親は同じだが、ふたりはその後別れた。,0
784,あなたと同感です。しかしマイケル・ベイはいい監督です。彼の監督した映画ザ・ロックは本当に素晴らしいです。,1
785,それはあなたでした、私たちはあなたの現代演技クラスの誰かがどのようにキャスティング・ディレクターになりたいと思って、バックアップの仕事を予約したかについて話していました。私はそれとそれがどれほどばかげているかを考えていました。,1
786,この女性は、私にものすごい時間をかけて、候補となるブーツや靴をすべて調べてくれ、私の妻は感動していた。なぜならメキシコでは,0
787,それは私を驚かせるよ、私はいつもそれがほとんど誰もがオフィスにいる間に少なくとも少しは触れたものだと思っていた,0
788,ええ、あなたはそれを取り除くことができます、コスト削減につながります。,1
789,確かに。でも猫はほとんどの政治家よりも頭がいいと思います。平均的な議員が長除法をやっているのを想像できますか?,1
790,確かに、馬鹿げているように見えます。なんで芝生の上でプレーする必要があるのか分かりません。史上最長のテニスのポイントについて聞いたことがありますか?,1
791,つまり、重さは単に抽出する比率です。一方、TDSは溶けた固形物の合計で、その略称です,1
792,あなたは自分の家でパーティーをしたことはありません。,1
793,話はあなたと子供たちとの交流についてですか？？,1
794,このゲームについて聞いたことがありますか？ Astro Bot Rescue Missionは、ゲームに飽き飽きした人にものその楽しさを思い出させます,1
795,ああなんということ、どうしたのですか、それを言ったのはこれまでにあなた一人です。,1
796,ドードーの運命にいつも私の妻は涙するんだ。彼らはとても信頼できそうで、それが彼らの終焉につながるのだよ。,0
797,今、あなたは私を震え上がらせた。何てこと、と思った。でも、私はそういうタイプの人間ではないので、そんなものは必要ないと話し合ったのだ。,0
798,私の体なんだから、あなたがどうこう言えないだろう。,0
799,それは面白いです。いつも罰の仕事としか考えていませんでした。話せて楽しかったです。それではまた。,1
800,私もありません。それが脳の中で何かを誘発するんだと思います。少しばかげていますが。好きなユニフォームはありますか?,1
801,大丈夫です。よければマイクをミュートして、私達に聞こえないようにできます。,1
802,その映画は全体として、やることすべてにおいてベストを尽くす必要があるというメッセージを伝えようとしていたと思います。多くの人にインスピレーションを与える内容です。,1
803,え、両方に、それはすごいですね、こっちに10人、あっちに10人いたら。ほとんど男の子ですか?女の子たちがいました,1
804,この大騒動では、相手の女の子がドラマクラスで一緒だったので、とても気まずい状況になってしまい、「私はあなたを傷つけるつもりはありませんでした」のような,0
805,ええ、私が科学者と彼らの精巧な理論のすべてに共感するのは難しいが、ホーキングは機知に富んでいた。 彼はかなり冗談好きで、それが彼を非常に親しみやすい人にしていたんだ。,0
806,ええ、話せて嬉しかったです！すてきな一日を過ごしてください,1
807,両親は私に演劇を紹介してくれた人で、私はいつもそのことに深く感謝している。そして、父は私が,0
808,しかし、感謝祭に招待されていないとは言わず、キューバのことなどを話していたところ、翌日、父から「すまない」というメールが届いた。,0
809,何がプレーヤーをゲームに引き付けるのでしょう。 おそらくそれは複雑さや自分の個人的なスタイルを作るチャンスがあるからです。,1
810,年が経つにつれて、その傾向は強まるでしょう。最初にオンラインで物を購入し始めた頃を覚えていますか？,1
811,それはリピーター俳優になるでしょう。しかし、私はわかります。あなたの好きな映画のジャンルについて話しましょう。,1
812,ここに何があるでしょう。アルバムとドレーク。アルバム?ドレーク?アルバム、あなたの好きなアルバムは何ですか?,1
813,私はプレーしてもそれほど長時間はしなかったが、私の兄弟はたくさんプレーしたよ。,0
814,私と彼女とソレダッドが、何かのハイスクール・ミュージカルの曲でい踊ってたが、ああ、もう覚えていない。高校のミュージカルソング、ハンナ・モンタナの曲だった。,0
815,私もxboxが大好きだよ。プレイステーションをしながら大きくなって、その後最初のxbox 360を手に入れたんだ。赤リングになってもまだ気に入っていたよ！,0
816,それで、それがあなたの数字です、あなたがどれだけ儲けを出せるかです。,1
817,誰かを知っているはずです。いろんな責任が関係しているようですが、一番大切なのは待つことです。,1
818,食べているのを見るのは、素晴らしいショーに違いありません。敵を排除する素晴らしい方法です!,1
819,それはあなたが家族から既に学んだことですから、それは絶対に私が学んだ多くのこと、私が学んだ価値観です,1
820,あなたは家族のためにいろんなことを沢山学んで、私は責任を果たします,0
821,そうね、私にはすべてがクレイジーに聞こえる。だから、私はこれまで一度もその世界に入ったことがない。なんか、そういうことに頭が回らない。,0
822,自分としては、とにかく語学を勉強したい。,0
823,聞いたことはあるが見たことがないので、たくさんのボリノウで思い出したに違いない。 実際に聞いてみたい！私には面白そうだ！,0
824,それは完全に理にかなっているように私には思えるよ！ 太陽エネルギーに関しては、私たちは考えが甘かったような気がする！,0
825,あなた自身の性格が、あなたという人を形作るのであって、保証はありません、こういうことを全部教えてくれる教科書なんて絶対にありません。,1
826,血糖値が下がるといい決定ができません!1993年まで女性が議会でズボンを着用するのが禁止されていたなんて信じられません。,1
827,私は専門家ではありませんが、恐ろしいですね。とにかく話せて楽しかったですよ。隠れ家の件がうまくいくといいですね。,2
828,母のためにもっと頑張ろうと思う。,0
829,彼は、私を狂わせるたびに、ああ、大変だ、と思うだろう。私は水不足で、1時間ごとにトイレに行き、1日に1ガロン飲んでいる。,0
830,ユニセフはあなたが携帯電話を使っていたかどうかどうやって分かるのでしょう。,1
831,でも、妻にとってはそれを見るのはとても面白かった。私はそうでもなかった。どうなるかはもうわかっているから。,0
832,OTが私たちに構築させた過去の精神的なバージョンに基づいて、前編のタイムラインのすべてがオフになっていると思ったことを覚えている。しかし、私はそれを突き止めるために見直す必要がある。,0
833,そこで買う前に製品を手にすること。,1
834,コーヒーにクリーム。まあ、そのクリームに砂糖も入れないとですね。,1
835,あなたのご家族の中で、あなたが有名になる寸前にニュースになるようなことをした人はいますか？,1
836,さて、アメリカの大統領、彼はホワイトハウスにそれを持っていたのだろうか？ホワイトハウスにクマの小屋はあったのか？,0
837,オクラホマの州のロックソングは、フレーミング・リップスの「気づいているかい」だよ。,0
838,アマゾンやハイエンドスニーカー商品、そして洋服をネットで見るなど、私もこれの犠牲者であることはわかっている。,0
839,ミネルバ。彼女の正式な名前はミネルバ・マウスです。ミニーの方がずっと合っていると思いますよね？,1
840,その名前がアメリカでそれほど受け入れられるとは思いません。話せて本当に楽しかったです。楽しい日を過ごしてください!,1
841,映画はまずひどいものでした、そして次に面白かったのは私の友人がいつも映画館で眠りに落ちて、後ろにこれがあるということです,1
842,彼らはあなたを憎んでいる、あなたを憎む理由を作っているだけです。,1
843,同感です。エマ・ワトソンはどうですか？私の観察では彼女は好かれるか嫌われるかですね。特に彼女が特定のことについて話すときはそう思います。,1
844,ジュラシック・ワールド：炎の王国を見たことがありますか？,1
845,おいしそうです。それがお気に入りのオムレツですか?,1
846,PacSunで働いていたと言っていましたね。それがあなたの最初のお仕事だったとは知りませんでした。,1
847,素晴らしい、私もだ。彼らがポー、ストーカー、シェリーの作品に触発されたのがとてもいいね。,0
848,おもてなしという意味では、レストランについてどう思いますか？自分の誕生日でレストランに出かけるとしたら、どこに行きますか？どこでも自由に選べるとしたら、,1
849,そして、あなた自身を表現する上で、もちろん、あなたが出した例が、皮肉たっぷりであることがわかります。,1
850,ええ、私もです。これは現在インターネット上で2番目に大きい検索エンジンだ,1
851,こんにちは！それで、あなたは音楽が好きですか？私はロックミュージックや他のジャンルもいろいろ大好きです。,1
852,へー、それはすごいですね。でも言わせてください、アンバー、あなたたちは何でも準備できているみたいですね、その美しくて、静かで、愛情のこもったロマンチックな,1
853,彼らは彼をある種のメソメソ男に戻ったように見せた、彼の年齢や経験からいうと彼はベン・ケノービやヨーダのようにさえもっと進化しているはずだよ、私は「Whoa Is Me」ではなく「Xanax Luke」が必要だ,0
854,私もですよ。FOXニュースについてどう思いますか?明らかにmsnbcとcnnを合わせたよりも視聴者が多いですよね。,1
855,教訓は、自分の人生を、運やお金をもらっているアドバイザー、コラムニストに任せないことだと思います。,1
856,家で映画を見るのにレビューはあまり気にしないが、映画館で見る場合は必ずチケット代を払う価値があることを確認したいと思うね。,0
857,清潔な水を寄付しますよ。携帯電話を1分使わなければ、1日分の清潔な水を寄付します。もっと調べてみる必要があります,1
858,同感です。私も話せて良かったです。良い一日を過ごしてください！,1
859,今は、若い視聴者を獲得して中長期的に見ていただく必要があります。彼らは漫画業界で長い間存在してきた同じジョークが分からない可能性があります。,2
860,機会があればこの番組を見てみるといいですよ。驚くべき動物が何種類も登場するんです。病気に関連する遺伝子の84%は、対応する遺伝子がゼブラフィッシュに存在するんです。,1
861,たとえば何ですか？腕がどうなりましたか？私は何も言いたくありませんでした。どう言ったら良いかも分からないでしょうし、言ってみれば、切られた,1
862,彼は素晴らしい人です!素晴らしい人で、最高の俳優だと思います。彼の映画でどれが好きですか?,1
863,子ども向け映画は、今ではセレブに大金をもたらしています。どの子ども向け映画が好きですか?,1
864,あなたの子供たちとかにはどんなことを望んでいますか。全部把握できるなら。あなたのご両親はあなたやあなたの子供たちをどう扱ってきましたか。 え、どうやってやりますか？,1
865,本当。私は太陽を遮るために頭上でそれを使った。 笑,0
866,(全く)追加料金を払わなければならなかったけれど、とにかくこの島で一人で一日を過ごすことができたし、素晴らしいよ。,0
867,美しいストーリーテリングで、私とルームメイトは、前学期にキャストを見始めてから少し夢中になった。キャスト全員を見分けることもできた。,0
868,また、どこで独り言のような話をしたの？,0
869,つまり、彼女ははっきりとは言わなかったが、それは私が子供の頃のお気に入りの番組だった。つまり、何も聞かれなかったけど、コーヒーの番組が一番良かった。,0
870,ウィル・スミスとブラッド・ピットがその役を辞退したが、それはお粗末な映画になるだろうと彼らは思ったに違いないね。,0
871,賛成だ！ どんな音楽を聴きたい？,0
872,そうですね、考えてみれば時間はかからないですし、習慣として取り入れればいいのですから。,1
873,わぁ、今日彼らと遊べますよ、そしたら彼らも会えます,1
874,はい、それは私が人類について本当に憂いている点だ。私はそれが今後起こることであり、私たちがその一因となっていることを理解しているが、私たちの孫がまだ良い仕事を得ることができることを願っている。,0
875,それだけを通して、フレンドリーな新しいメンバーを増やすことができます,1
876,私の友人は空港でシリの女性に一度会ったことがある。 面白かったらしいよ。,0
877,もし私がもっと有能な撮影監督だったら、自分で映画を作るだろうが、それは選択肢にはない。会えて嬉しかったよ。,0
878,それは本当にとんでもない、なんてラッキーな男なんだろう！ 最初に写真を撮ってもらうのはいいね。ちなみに旅行についてどう思う？ 私はフロリダから戻ってきたばかりだよ,0
879,ええ 私はいつも妻に、もし彼女が去っても一緒に行くので、そんなことは考えないように言っているよ。 私はもう誰とも付き合わないと言っている。 私は30人のミレニアル世代を監督していて、彼らの交際習慣に混乱させられる。,0
880,あなたのお父さんは年を取っていて、タイプが違います,1
881,彼は本当に有機物と脂肪ベースのもの、そしてご存知のこのグリーンクリーナーと有機スポンジを使っています,1
882,私の子供たちを（誠実に世話すること）、私の両親はそれがわかっています。それが私の育てられ方です。もしあなたが両親にどう育てられたか、何が最高だったかを考えられるとしたら。,1
883,いいえ、男性はそれについて何も言うべきではありません、すみません。それはあなたの体ではありませんから。,1
884,そして専門分野を選んだら、もっと勉強しなければならないと思います。,1
885,つまり、私の友人はUNFIで働いている。UNFIとはUnited Natural Foodの略で、あらゆる種類の自然食品や製品の販売業者だ。,0
886,うん、それはとても良い考えだね。 私は家の近くの地元の野良たちと同様に自分の猫に手で餌を与えるようにしているよ,0
887,終わった後に何かデザートを食べると、それがちょっとしたチョコレートであっても、口の中ですぐに「砂糖を摂らないといけない」と言ってしまうんだ。不思議だ！,0
888,それは私も同じだ。ほとんど コメントしない。 Zuckerburgは赤緑の色覚異常であるため、Facebookが青いことに気づかなかった...,0
889,近所全体がそうなっていることを知っている、それは間違いなく変化している,0
890,私は、あなたが言うようなことをたくさん経験してきたと思う。私はいつものように、例えば、私の親友（私、マット、Tylarl）はずっと昔からの親友なので、,0
891,私はペットの飼い主だが、それは少し大げさだ。 あなたは犬や猫に権利を与えているかい、乳牛や肉牛はどう。 彼らの権利はより小さいの？,0
892,私も同感だよ！ほら...私は寝ることが大好きだが、アラスカから北メキシコまで眠らずに渡る鳥がいるんだ。かなり疲れるよね！,0
893,私はレゴで遊ぶのが好きでしたが、あなたはどうですか？,1
894,ジムで音楽を聴きますか？自分の音楽を持ってきますか？それとも、ジムですでに流れているのを聴きますか？,1
895,おしゃべりもできて良かったよ。屋根裏部屋で古い野球カードを探してみようと思うよ。,0
896,昔はしていましたが、もうしません。小児科に手を振る伝統が感動的で大好きですよ。,1
897,叫び始め、私に向かって金切り声を上げているようだった。何が起こっているのかと思っていると、彼らは私の足を指差していて、下を見るとふくらはぎ全体が血まみれになっていたの。,0
898,それは間違いなく悲しく、非常に厄介だ。 氷に覆われた極地はどうなるんだろうと思うよ。,0
899,聞いたことがあるような気がします。シザーハンズっていう映画を見たことがありますか?ジョニー・デップは200語ぐらいしかしゃべらないですが。,1
900,ええ、私もそうです、ケイティ・ペリーと彼女の翼をどう思いましたか？,0
901,彼が私にキスをしたので、私は「ああ、なんてことだろう！」と思った。そうやってショーは終わって、そして,0
902,はい、地球は確かに長い間存在してきた。 私にとって非常に興味深いのは、地球の約71％が水で覆われていることだ。 残り29％は陸地とさまざまな島々だ。,0
903,言いたいことが分かりませんが。心をコンピューターやメモリースティックにアップロードしたいと思っている、トランスヒューマニストって呼ばれるグループがあります!,1
904,今、話は私のスピードの方に移っているね...笑。はい、私は、他のウォルト・ディズニー映画だけでなくジャングル・ブックも好きだったんだ。,0
905,はい、それは間違った選択だった。 そして彼らがルークを見せた方法も私は好きではなかった...,0
906,とても見ていられなかった。私がそういうものを好きなのは、映画の「ミーン・ガールズ」くらいだ。Barely Legalとか、そういうものだ。私はそれが好きだが、それはまるで,0
907,ツアー先では、これは自分ではできないと思う。壁には落書きがあるし、あんな道は歩けない。,0
908,正直なところ彼はおそらく少し負けているね。これは特に驚くべきことではないが。,0
909,同感だ、ヘビはとても不気味だ、彼らは私の意見では非常に幸運な国だ,0
910,そして、彼女は私の足を広げて、その間に立っていた。当たり前だが、わからないが、私はとても嫌だった。,0
911,私も彼のことは初耳だ。彼はレーガンの大統領図書館の開発に大きな役割を果たしたと聞いた。,0
912,わかりましたか？携帯電話のサインインの仕方はわかりましたか？,1
913,高校3年はどうでしたか。シニアプロムか何かに行きましたか？,1
914,そして、それはあなたに大きな喜びをもたらし、私も彼女も自分のものを手に入れ、みんなが幸せになるようなものなのだ。なぜ突然、その容器に入っていないときには、少し空虚な感じがするのでしょうか？,2
915,はは、彼も私の1票を獲得するだろう！1918年までは英国の男性が全員投票できたわけではないことを私は知らなかったよ！,0
916,分かりますよね。彼らに何か新しいことを教えてもらいたいですよね。,1
917,本当に？どの映画がそうなりましたか？有名人が役を引き受けなくても、その映画の出来が素晴らしいことはよくあるようです。,0
918,私も行ったことがあります。たくさんのアクティビティがあって、また行きたいと思います。旅行では何をしましたか?,1
919,ええ、私もそうだが、以前は動物をもっと使っていたようだ。トルーマンは、特にディズニーランドでそれを非常に深刻に受け止めたようだ。,0
920,支えになるものが必要ですし、お金が必要です。分かりますよね、お金を稼がないといけません,1
921,母が留守の時には、彼女が来て私の面倒を見てくれていたのだが、それが崩れてしまったのだ。,0
922,それは手作りだから、つまり基本的に1年で壊れるという意味です,1
923,そうですね!自分が行くとしたら、アポロ11/NASAがしたように、お気に入りのアルバムのプレイリストを作ると思います。プレイリストに絶対入れたいアルバムはありますか?,1
924,すまない。でも、とにかくこの1年、いろいろな旅を楽しんできたわ。,0
925,うん ！それは私のお気に入りの彼の時代だった！ロカビリーのものが大好きで、彼がラウンジシンガーになり、私は彼の曲を聞かなくなった。（笑）クイーンのフレディ・マーキュリーは、エルビスへのオマージュとして「クレイジー・リトル・シング・コールド・ラブ（愛という名の欲望）」を書いた。,0
926,電話をかけたり、保留にしたり、ボタンを押したりする必要もない。自分の携帯電話番号を入力するだけで、自動的に電話がかかってきて、問題を解決してくれる人にすぐにつながる。,0
927,キャンセルしなければならないことがたくさんあるので、計画を練るためにすべてを調べている。実際に行動する前にまず自分自身を整理したいと思っている。,0
928,以前にこちらに電話をかけたあなたの電話番号を教えてもらえますか？,1
929,正反対です。FBは、永遠に嫉妬したり自己嫌悪に陥ることを約束しています。あなたのFBの「友達」のベッキーとダナの休暇の写真は、あなたより素晴らしいですからね。,0
930,そうそう、私もそれを知らなかったよ。また、グーグルプレックスに行って、芝を食べて芝刈りをするヤギを見たいね。,0
931,なるほど、面白。私はこの中から何も返さなかったことを覚えている。先日、誰かにプレゼントしようと思って先日買ったのだ。,0
932,本当にそれはあなたサイドのことではないのか？多分？,0
933,私はそれを読んで同じように考えたよ。ゼブラフィッシュは人間にどれほど似ているのだろうか？それを医学研究に使用できるのか？,0
934,彼は生産が停止し、多額の費用がかかるリスクを冒していると思うね。それは必要ないと思うよ。,0
935,それは良いことだ、私の州では食料品店はアルコールを売ることができないんだ,0
936,すごいです。母親との出会いは過小評価されていました。ウエストワールドは本当に好きですが、見ていると混乱することがあります。スポーツのライブ中継もよく見ますよ。,1
937,私が必要としている場所にすぐに連れて行ってくれる。,0
938,面白いです。考えてみましたら、電力の多くは水から来ていますね。,1
939,ハリー・ポッターの世界を作ったばかりだった。私と弟はハリー・ポッターの大ファンだったの。もっともっと彼のことを知りたいわ。,0
940,本当ですか?それは変です。誰がそんなことをしようと考えたのでしょう。話せて楽しかったです。おやすみなさい。,1
941,おかしい。死なないクラゲについてもっと知りたいよ。,0
942,それはすべて石油で、あなたは何もできません。それはすべて石油で、プラスチックに変わります、,1
943,認めたくないが、時々私はひどい映画が好きだ。そして、私は何年も前にVH1でゴッティファミリーのリアリティ番組を見ていたんだ。だから、これは私にぴったりかもしれないな笑,0
944,さて、サンディエゴは暖かいよりも暑くなるでしょう。本当に？何か意味が含められていますか？それとも、バンドの後ろから子供に呼びかけるべきではないという意味ですか？,1
945,だから、私達は1時間で。さて、それでは皆さんが私を送り返してくれる。お礼を言って。,0
946,本当に長くてつまらない名前だと思います。テレビゲームをやるのも好きですが、プレイステーションを持っていますか?,1
947,私自身もそうだ。塩分の多いものを食べると、必ず出てくる。私はダイエットに励んでいるが、ダイエットという言葉は使わないようにしている。というのも、高校時代に保健室の先生に,0
948,そのとおりだ、映画はそのように非現実的になりつつあり、あまりにも拡大縮小され、訳のわからないものになっている。,0
949,自分にとって大切な場所を訪れることだ。私の理想的な休暇は、陽気に過ごすとかではなく、訪問して,0
950,見たよ！素晴らしかったよ！去年の夏、ものすごい数のトンボを見てその映画を思い出した笑,0
951,ブーツを履いてベッドに上がりますか?そういう友達がいましたが。彼は、誰かが家に侵入してきたら、戦わないといけなくなることを心配していました。裸足では戦いたくないって。,1
952,それで、観光客の産物を続けますよ、基本的に、その通りでした。それで、トイレの大きさの小さなブースがありますが、ほら、1つのトイレ、全部のブースに同じものがあります。,1
953,自分は持っていないが、教えているので、毎日ユーモラスなものを目にしている。,0
954,それで、あなたが帰宅途中だったのを知っています、あなたは今夜何を見る予定ですか？,1
955,彼らは私を怒らせていたが、私はそのように自分の怒りを積極的に示さなかった。現在、Netflixは午後9時から12時まで、全帯域幅の通信量の33％を占めており、人気がある。,0
956,まさか、笑、私のFacebookの友達はみんなよく知っているよ。,0
957,私もです！ザ・ルームを見たことがありますか？それは私のお気に入りのひどい映画です、彼らは実際にトミー・ウィソーと一緒にディザスター・アーティストと呼ばれるカルト信者についての映画を作りました。これについて聞いたことがありますか？間違いなくラジー賞に値します@,1
958,すぐに入れ替わってしまうので、私はいつも、キャナルステーションから行ける、一番安いベストな場所を探すことに挑戦している。知っている？,0
959,情報を自分の脳にダウンロードし、即座に専門家になったマトリックスを思い出すよ。ゆっくり時間をかけ、楽しみ、リラックスしたいね！,0
960,私も動物が大好きで犬を飼っているけど、何年もの間夫にドラゴンを欲しいと言ってきたわ,0
961,1MBのRAM。そうだね、もし私がメモリを持つとしたら、フォーゲット・オンリー・アクセス、つまり1MBのFOAだね。 Appleは、バイオハザードのために私の保証は無効であると言っているよ。,0
962,本当に好きだ。早めに寝てください。今夜はゆっくりと休めるといいですね。,1
963,うん、私は持っています。それはいいです！あなたは持っていますか？,1
964,彼が本当にオスカーを獲得したと私が感じた映画はジェリー・マグワイアでした。忘れられません。そう思いますか？,1
965,確かに。こちらこそ話せて楽しかったですよ。おやすみなさい!,1
966,友達がそこに住んでいるので、彼女のところに行くことにしたのだが、ホテルの部屋を取ったりする必要がないので、とても助かった。,0
967,それは見るべき作品でしょう！マイティ・ソーを見たことがありますか？見ようとしても、理解が難しかったです。,1
968,ただ、いつまでこれを続けるのかと思うと、より一層緊張する。,0
969,野良犬に同情することがあります。イスタンブールには、プラスチックのボトルをリサイクルしたら野良犬のための食料と水が出てくる自動販売機があります。,1
970,あはは、私の場合も。カナダの全票数は、カリフォルニアの全票数から50票を引いたものに等しいと思うかい。,0
971,分かりますよね？,1
972,私の長女、サミーだが、彼女はすごい、よくしゃべりとても感情豊かだが、彼女は女の子だから、私はとても苦労した。,0
973,とても元気です。だから、私は長い間お休みしていました。この男性と一緒に行った今回の旅行について教えてください。何を見ましたか？アジア旅行はどうでしたか？,1
974,あなたのデータの一部を渡しますが、どうなると思いますか？,1
975,彼は本当に素晴らしい人です!なぜグリーンランドがFIFAに加盟できないと思いますか?緑の芝生が育たないからですよ。,1
976,そして、イスラエルのあなたの友達がアメリカ人なのか、それともイスラエル人なのか興味があります。,1
977,しばらく話していなかった友人を、母に頼まれて招待したことを話した？,0
978,私はその映画を見ました。レオナルド・ディカプリオが出ていてリドリー・スコットが監督していたと思います。私は実際にその映画がとても気に入りました。ちなみにワンダーウーマンの映画は見ましたか,1
979,自分の情報がどこかのサイトで使われていないか調べたよ。でも、自分では探していない。あなたは？,0
980,元の三部作の中で好きな映画はどれですか？,1
981,旅行に行ったり、家族に会ったりしなければならない、家族にもっと会うということは。,0
982,近い将来、あなたの国を訪問したいと思っていますよ。完璧でシンプルで素晴らしい。それに尽きます。ああ、書いてあります。そのとおりだと期待しています。,1
983,背景についてよく知っていて意見を言えるといいんだが、最後に見たスター・ウォーズはエピソードIIIで、ビデオで公開された。 もう一度見て記憶を呼び戻さなければならないよ。,0
984,なんだか変な話だが、日曜日は上司がその週のスケジュールを取る日なので、覚えやすいのだ。だから私は外に出る。,0
985,甘い朝食は好きですが、何か自分のためになることをしているようには思えないんだよね。,0
986,おかげで私は弁護士になりたいと思っているが、自分の弁護士や大家さんを訴えることになる。,0
987,近所の人といつも話しているけど、どのブロックにもジャイアントのビルが建っているの。,0
988,おもしろいが、彼らが人工物をまねているのもちょっと悲しいね。鳥は私にとって驚きだ！渡りでは眠らずにアラスカからメキシコに飛ぶ鳥もいるよ！,0
989,彼は、ユダヤ人以外の友人を安息日テーブルに招待するつもりはない、と長い間言い続けていました。私は、それはあなたの特権であり、あなたの選択だと言いました。,1
990,小学校6年生のときから、ソフトボールに転向して女の子と一緒にプレーしてほしいと言われてたけど、私はそれが嫌だった。私はソフトボールをしたことがなかった。だから辞めたの。,0
991,おお、それは信じがたいことです。私は乗ったことがあり、とても楽しかったですが。ジュラシック・パークの恐竜は、驚くべきことに映画に15分間しか登場しません。今日はあなたと話せて嬉しかったです,1
992,それが気になるわ。,0
993,いいえ。ミニーというニックネームを使っていて良かったです。どのディズニー映画が好きですか?,1
994,天王星という名前はいつも私を笑わせるよ。（笑）私たちの太陽系に別の惑星があったらいいのにと思うね。木星の衛星ガニメデは、衛星ではなく太陽の周りを回っていれば、実際には惑星と見なすことができる。,0
995,そしてそこで、私が一番好きなのは、オリーブオイルのような、売れているのが分かる特定の商品です。,1
996,子供たちとかから多くのことを学んだと感じますか？,1
997,おはようございます！ホラー映画を見るのは好きですか？,1
998,グーグルが彼らの草を刈るために使用したヤギは何マイル移動したんだろうかと思うよ。 多分15マイル？,0
999,彼は本当にいい人です。グレン・ハワートンについてどう思いますか？彼は実際には「フィラデルフィアは今日も晴れ」のスターで、ジュラシック・ワールドでは主役を獲得するところでした。,1
